Category,Instance,Config,Algorithm,Run,f1,f2
Small,cap61,P1,NSGA-II,1,82500.000,929502.725
Small,cap61,P1,NSGA-II,1,30000.000,1225753.038
Small,cap61,P1,NSGA-II,1,45000.000,1013656.412
Small,cap61,P1,NSGA-II,1,37500.000,1140616.575
Small,cap61,P1,NSGA-II,1,52500.000,980180.575
Small,cap61,P1,NSGA-II,1,60000.000,951681.325
Small,cap61,P1,NSGA-II,1,67500.000,936533.900
Small,cap61,P1,NSGA-II,1,75000.000,931500.463
Small,cap61,P1,SPEA2,1,67500.000,936234.737
Small,cap61,P1,SPEA2,1,52500.000,968460.950
Small,cap61,P1,SPEA2,1,75000.000,911377.662
Small,cap61,P1,SPEA2,1,90000.000,900765.438
Small,cap61,P1,SPEA2,1,60000.000,939961.700
Small,cap61,P1,SPEA2,1,82500.000,901367.625
Small,cap61,P1,SPEA2,1,45000.000,1050559.438
Small,cap61,P1,SPEA2,1,30000.000,1245370.900
Small,cap61,P1,SPEA2,1,37500.000,1112285.938
Small,cap61,P1,NSGA-II,2,97500.000,885808.200
Small,cap61,P1,NSGA-II,2,30000.000,1197734.600
Small,cap61,P1,NSGA-II,2,52500.000,1027032.637
Small,cap61,P1,NSGA-II,2,45000.000,1144056.087
Small,cap61,P1,NSGA-II,2,37500.000,1151626.025
Small,cap61,P1,NSGA-II,2,75000.000,929603.362
Small,cap61,P1,NSGA-II,2,67500.000,974177.787
Small,cap61,P1,NSGA-II,2,60000.000,983343.713
Small,cap61,P1,NSGA-II,2,82500.000,903818.588
Small,cap61,P1,NSGA-II,2,90000.000,892726.950
Small,cap61,P1,SPEA2,2,45000.000,998613.500
Small,cap61,P1,SPEA2,2,60000.000,949669.362
Small,cap61,P1,SPEA2,2,52500.000,975255.438
Small,cap61,P1,SPEA2,2,67500.000,935219.550
Small,cap61,P1,SPEA2,2,30000.000,1228254.825
Small,cap61,P1,SPEA2,2,37500.000,1079070.413
Small,cap61,P1,SPEA2,2,75000.000,905692.600
Small,cap61,P1,SPEA2,2,82500.000,893210.350
Small,cap61,P1,NSGA-II,3,90000.000,906506.887
Small,cap61,P1,NSGA-II,3,30000.000,1321024.300
Small,cap61,P1,NSGA-II,3,45000.000,1040071.525
Small,cap61,P1,NSGA-II,3,37500.000,1255358.650
Small,cap61,P1,NSGA-II,3,67500.000,941189.912
Small,cap61,P1,NSGA-II,3,60000.000,985546.938
Small,cap61,P1,NSGA-II,3,52500.000,999936.137
Small,cap61,P1,NSGA-II,3,75000.000,921133.787
Small,cap61,P1,NSGA-II,3,82500.000,910259.438
Small,cap61,P1,SPEA2,3,37500.000,1224525.975
Small,cap61,P1,SPEA2,3,90000.000,920427.700
Small,cap61,P1,SPEA2,3,30000.000,1340764.788
Small,cap61,P1,SPEA2,3,82500.000,931707.612
Small,cap61,P1,SPEA2,3,60000.000,961371.987
Small,cap61,P1,SPEA2,3,75000.000,935525.213
Small,cap61,P1,SPEA2,3,52500.000,982623.950
Small,cap61,P1,SPEA2,3,67500.000,951086.037
Small,cap61,P1,SPEA2,3,45000.000,1089528.812
Small,cap61,P1,NSGA-II,4,90000.000,907134.938
Small,cap61,P1,NSGA-II,4,30000.000,1287479.350
Small,cap61,P1,NSGA-II,4,37500.000,1082990.688
Small,cap61,P1,NSGA-II,4,45000.000,1037356.463
Small,cap61,P1,NSGA-II,4,52500.000,1003405.938
Small,cap61,P1,NSGA-II,4,67500.000,951748.425
Small,cap61,P1,NSGA-II,4,60000.000,980596.887
Small,cap61,P1,NSGA-II,4,82500.000,910304.650
Small,cap61,P1,NSGA-II,4,75000.000,936253.588
Small,cap61,P1,SPEA2,4,60000.000,987993.487
Small,cap61,P1,SPEA2,4,30000.000,1289340.300
Small,cap61,P1,SPEA2,4,67500.000,956517.912
Small,cap61,P1,SPEA2,4,52500.000,996852.988
Small,cap61,P1,SPEA2,4,37500.000,1054981.425
Small,cap61,P1,SPEA2,4,45000.000,1021530.613
Small,cap61,P1,SPEA2,4,75000.000,932294.475
Small,cap61,P1,SPEA2,4,90000.000,923104.487
Small,cap61,P1,SPEA2,4,82500.000,924902.612
Small,cap61,P1,NSGA-II,5,82500.000,914443.100
Small,cap61,P1,NSGA-II,5,30000.000,1251726.538
Small,cap61,P1,NSGA-II,5,37500.000,1037615.162
Small,cap61,P1,NSGA-II,5,45000.000,1007548.950
Small,cap61,P1,NSGA-II,5,60000.000,964674.137
Small,cap61,P1,NSGA-II,5,52500.000,995950.737
Small,cap61,P1,NSGA-II,5,75000.000,934499.225
Small,cap61,P1,NSGA-II,5,67500.000,944618.012
Small,cap61,P1,SPEA2,5,45000.000,1014696.137
Small,cap61,P1,SPEA2,5,75000.000,913897.262
Small,cap61,P1,SPEA2,5,60000.000,958992.950
Small,cap61,P1,SPEA2,5,82500.000,901586.987
Small,cap61,P1,SPEA2,5,37500.000,1056774.062
Small,cap61,P1,SPEA2,5,67500.000,933953.387
Small,cap61,P1,SPEA2,5,52500.000,1004171.137
Small,cap61,P1,SPEA2,5,30000.000,1250210.387
Small,cap61,P1,NSGA-II,6,67500.000,930001.275
Small,cap61,P1,NSGA-II,6,30000.000,1269752.438
Small,cap61,P1,NSGA-II,6,52500.000,970827.450
Small,cap61,P1,NSGA-II,6,45000.000,1102247.225
Small,cap61,P1,NSGA-II,6,37500.000,1204799.825
Small,cap61,P1,NSGA-II,6,60000.000,942328.200
Small,cap61,P1,SPEA2,6,82500.000,914564.688
Small,cap61,P1,SPEA2,6,45000.000,1147515.525
Small,cap61,P1,SPEA2,6,37500.000,1148332.725
Small,cap61,P1,SPEA2,6,75000.000,915662.688
Small,cap61,P1,SPEA2,6,60000.000,954938.938
Small,cap61,P1,SPEA2,6,67500.000,930261.312
Small,cap61,P1,SPEA2,6,30000.000,1210630.038
Small,cap61,P1,SPEA2,6,52500.000,1100528.488
Small,cap61,P1,NSGA-II,7,75000.000,942951.088
Small,cap61,P1,NSGA-II,7,30000.000,1473664.675
Small,cap61,P1,NSGA-II,7,37500.000,1110258.462
Small,cap61,P1,NSGA-II,7,52500.000,1030607.250
Small,cap61,P1,NSGA-II,7,45000.000,1061858.312
Small,cap61,P1,NSGA-II,7,60000.000,960545.862
Small,cap61,P1,NSGA-II,7,67500.000,950499.838
Small,cap61,P1,SPEA2,7,60000.000,977826.050
Small,cap61,P1,SPEA2,7,75000.000,952603.562
Small,cap61,P1,SPEA2,7,67500.000,962987.838
Small,cap61,P1,SPEA2,7,37500.000,1095842.425
Small,cap61,P1,SPEA2,7,52500.000,1000524.412
Small,cap61,P1,SPEA2,7,45000.000,1067726.637
Small,cap61,P1,SPEA2,7,30000.000,1472712.488
Small,cap61,P1,NSGA-II,8,90000.000,887709.025
Small,cap61,P1,NSGA-II,8,30000.000,1306251.387
Small,cap61,P1,NSGA-II,8,37500.000,1116358.925
Small,cap61,P1,NSGA-II,8,52500.000,1010352.237
Small,cap61,P1,NSGA-II,8,45000.000,1112621.000
Small,cap61,P1,NSGA-II,8,60000.000,946365.600
Small,cap61,P1,NSGA-II,8,67500.000,912562.838
Small,cap61,P1,NSGA-II,8,82500.000,887889.700
Small,cap61,P1,NSGA-II,8,75000.000,900423.438
Small,cap61,P1,SPEA2,8,45000.000,1045100.738
Small,cap61,P1,SPEA2,8,52500.000,1021492.613
Small,cap61,P1,SPEA2,8,75000.000,931486.375
Small,cap61,P1,SPEA2,8,82500.000,917388.588
Small,cap61,P1,SPEA2,8,67500.000,962963.912
Small,cap61,P1,SPEA2,8,60000.000,1000832.300
Small,cap61,P1,SPEA2,8,90000.000,911882.737
Small,cap61,P1,SPEA2,8,37500.000,1131569.637
Small,cap61,P1,SPEA2,8,30000.000,1322824.512
Small,cap61,P1,NSGA-II,9,75000.000,916116.387
Small,cap61,P1,NSGA-II,9,30000.000,1232570.837
Small,cap61,P1,NSGA-II,9,45000.000,1011940.275
Small,cap61,P1,NSGA-II,9,37500.000,1134426.925
Small,cap61,P1,NSGA-II,9,60000.000,949117.700
Small,cap61,P1,NSGA-II,9,52500.000,986988.900
Small,cap61,P1,NSGA-II,9,67500.000,924166.325
Small,cap61,P1,SPEA2,9,37500.000,976102.838
Small,cap61,P1,SPEA2,9,60000.000,939712.450
Small,cap61,P1,SPEA2,9,30000.000,1004602.088
Small,cap61,P1,SPEA2,9,67500.000,931686.838
Small,cap61,P1,SPEA2,9,45000.000,960838.537
Small,cap61,P1,SPEA2,9,52500.000,948699.137
Small,cap61,P1,NSGA-II,10,97500.000,889893.838
Small,cap61,P1,NSGA-II,10,30000.000,1239418.125
Small,cap61,P1,NSGA-II,10,60000.000,962181.637
Small,cap61,P1,NSGA-II,10,52500.000,1086645.413
Small,cap61,P1,NSGA-II,10,45000.000,1140609.962
Small,cap61,P1,NSGA-II,10,37500.000,1199453.925
Small,cap61,P1,NSGA-II,10,67500.000,930241.975
Small,cap61,P1,NSGA-II,10,75000.000,904338.363
Small,cap61,P1,NSGA-II,10,90000.000,890794.738
Small,cap61,P1,NSGA-II,10,82500.000,898343.488
Small,cap61,P1,SPEA2,10,67500.000,983220.688
Small,cap61,P1,SPEA2,10,75000.000,955225.562
Small,cap61,P1,SPEA2,10,37500.000,1171546.525
Small,cap61,P1,SPEA2,10,90000.000,933297.475
Small,cap61,P1,SPEA2,10,82500.000,945140.350
Small,cap61,P1,SPEA2,10,45000.000,1062804.288
Small,cap61,P1,SPEA2,10,60000.000,1012846.750
Small,cap61,P1,SPEA2,10,52500.000,1054579.288
Small,cap61,P1,SPEA2,10,97500.000,931485.600
Small,cap61,P1,SPEA2,10,30000.000,1251143.800
Small,cap61,P1,SPEA2,10,105000.000,928580.775
Small,cap61,P2,NSGA-II,1,82500.000,890989.600
Small,cap61,P2,NSGA-II,1,30000.000,1252113.125
Small,cap61,P2,NSGA-II,1,37500.000,1114026.688
Small,cap61,P2,NSGA-II,1,45000.000,989895.562
Small,cap61,P2,NSGA-II,1,52500.000,945024.963
Small,cap61,P2,NSGA-II,1,60000.000,916703.950
Small,cap61,P2,NSGA-II,1,75000.000,902471.262
Small,cap61,P2,NSGA-II,1,67500.000,912126.838
Small,cap61,P2,SPEA2,1,75000.000,910772.875
Small,cap61,P2,SPEA2,1,37500.000,1101855.962
Small,cap61,P2,SPEA2,1,97500.000,885421.125
Small,cap61,P2,SPEA2,1,90000.000,893471.062
Small,cap61,P2,SPEA2,1,82500.000,907241.875
Small,cap61,P2,SPEA2,1,45000.000,980413.000
Small,cap61,P2,SPEA2,1,52500.000,933322.963
Small,cap61,P2,SPEA2,1,30000.000,1205973.725
Small,cap61,P2,SPEA2,1,60000.000,921841.300
Small,cap61,P2,SPEA2,1,67500.000,911123.775
Small,cap61,P2,NSGA-II,2,90000.000,900985.737
Small,cap61,P2,NSGA-II,2,82500.000,904266.475
Small,cap61,P2,NSGA-II,2,75000.000,921103.812
Small,cap61,P2,NSGA-II,2,67500.000,939333.238
Small,cap61,P2,NSGA-II,2,60000.000,957831.700
Small,cap61,P2,NSGA-II,2,52500.000,987123.963
Small,cap61,P2,NSGA-II,2,45000.000,1054013.788
Small,cap61,P2,NSGA-II,2,37500.000,1086901.913
Small,cap61,P2,NSGA-II,2,30000.000,1273714.688
Small,cap61,P2,SPEA2,2,37500.000,1036276.050
Small,cap61,P2,SPEA2,2,45000.000,1004640.200
Small,cap61,P2,SPEA2,2,30000.000,1246809.062
Small,cap61,P2,SPEA2,2,75000.000,906826.125
Small,cap61,P2,SPEA2,2,97500.000,886329.588
Small,cap61,P2,SPEA2,2,90000.000,893072.825
Small,cap61,P2,SPEA2,2,60000.000,963919.150
Small,cap61,P2,SPEA2,2,52500.000,974939.125
Small,cap61,P2,SPEA2,2,82500.000,898429.487
Small,cap61,P2,SPEA2,2,67500.000,951731.838
Small,cap61,P2,NSGA-II,3,90000.000,895385.625
Small,cap61,P2,NSGA-II,3,82500.000,898277.025
Small,cap61,P2,NSGA-II,3,75000.000,907914.737
Small,cap61,P2,NSGA-II,3,67500.000,923310.062
Small,cap61,P2,NSGA-II,3,60000.000,953411.612
Small,cap61,P2,NSGA-II,3,52500.000,969888.475
Small,cap61,P2,NSGA-II,3,45000.000,999710.725
Small,cap61,P2,NSGA-II,3,37500.000,1191383.300
Small,cap61,P2,NSGA-II,3,30000.000,1220219.325
Small,cap61,P2,SPEA2,3,60000.000,948567.588
Small,cap61,P2,SPEA2,3,45000.000,1090468.312
Small,cap61,P2,SPEA2,3,90000.000,901011.950
Small,cap61,P2,SPEA2,3,67500.000,925418.762
Small,cap61,P2,SPEA2,3,30000.000,1236561.863
Small,cap61,P2,SPEA2,3,52500.000,977500.312
Small,cap61,P2,SPEA2,3,37500.000,1207137.538
Small,cap61,P2,SPEA2,3,75000.000,918090.412
Small,cap61,P2,SPEA2,3,82500.000,904996.713
Small,cap61,P2,NSGA-II,4,82500.000,903943.162
Small,cap61,P2,NSGA-II,4,30000.000,1217621.425
Small,cap61,P2,NSGA-II,4,37500.000,1054497.375
Small,cap61,P2,NSGA-II,4,52500.000,959697.100
Small,cap61,P2,NSGA-II,4,45000.000,1044599.400
Small,cap61,P2,NSGA-II,4,60000.000,926180.562
Small,cap61,P2,NSGA-II,4,75000.000,909637.475
Small,cap61,P2,NSGA-II,4,67500.000,920674.963
Small,cap61,P2,SPEA2,4,75000.000,944993.637
Small,cap61,P2,SPEA2,4,82500.000,918957.925
Small,cap61,P2,SPEA2,4,37500.000,1039492.175
Small,cap61,P2,SPEA2,4,45000.000,1006564.463
Small,cap61,P2,SPEA2,4,60000.000,972721.525
Small,cap61,P2,SPEA2,4,67500.000,972501.625
Small,cap61,P2,SPEA2,4,30000.000,1222299.475
Small,cap61,P2,SPEA2,4,52500.000,985293.800
Small,cap61,P2,NSGA-II,5,90000.000,906573.688
Small,cap61,P2,NSGA-II,5,82500.000,913796.713
Small,cap61,P2,NSGA-II,5,75000.000,916295.237
Small,cap61,P2,NSGA-II,5,67500.000,939457.600
Small,cap61,P2,NSGA-II,5,60000.000,958244.838
Small,cap61,P2,NSGA-II,5,52500.000,964026.150
Small,cap61,P2,NSGA-II,5,45000.000,983994.875
Small,cap61,P2,NSGA-II,5,37500.000,1004186.862
Small,cap61,P2,NSGA-II,5,30000.000,1219610.113
Small,cap61,P2,SPEA2,5,60000.000,923113.012
Small,cap61,P2,SPEA2,5,37500.000,998558.012
Small,cap61,P2,SPEA2,5,52500.000,947317.463
Small,cap61,P2,SPEA2,5,75000.000,906819.637
Small,cap61,P2,SPEA2,5,45000.000,977172.662
Small,cap61,P2,SPEA2,5,30000.000,1232061.562
Small,cap61,P2,NSGA-II,6,97500.000,896754.550
Small,cap61,P2,NSGA-II,6,90000.000,900851.250
Small,cap61,P2,NSGA-II,6,82500.000,909233.412
Small,cap61,P2,NSGA-II,6,75000.000,931796.537
Small,cap61,P2,NSGA-II,6,67500.000,953124.088
Small,cap61,P2,NSGA-II,6,60000.000,992135.175
Small,cap61,P2,NSGA-II,6,52500.000,1034548.137
Small,cap61,P2,NSGA-II,6,45000.000,1082608.250
Small,cap61,P2,NSGA-II,6,37500.000,1087841.538
Small,cap61,P2,NSGA-II,6,30000.000,1305320.100
Small,cap61,P2,SPEA2,6,67500.000,959405.650
Small,cap61,P2,SPEA2,6,97500.000,888251.037
Small,cap61,P2,SPEA2,6,82500.000,903918.650
Small,cap61,P2,SPEA2,6,90000.000,890216.363
Small,cap61,P2,SPEA2,6,37500.000,1233822.725
Small,cap61,P2,SPEA2,6,105000.000,888214.137
Small,cap61,P2,SPEA2,6,75000.000,923422.950
Small,cap61,P2,SPEA2,6,60000.000,995298.125
Small,cap61,P2,SPEA2,6,52500.000,1064245.688
Small,cap61,P2,SPEA2,6,45000.000,1090876.688
Small,cap61,P2,SPEA2,6,30000.000,1295002.300
Small,cap61,P2,NSGA-II,7,82500.000,915470.612
Small,cap61,P2,NSGA-II,7,30000.000,1281405.200
Small,cap61,P2,NSGA-II,7,37500.000,1118292.750
Small,cap61,P2,NSGA-II,7,52500.000,990492.050
Small,cap61,P2,NSGA-II,7,60000.000,968128.112
Small,cap61,P2,NSGA-II,7,67500.000,948154.237
Small,cap61,P2,NSGA-II,7,45000.000,1078029.000
Small,cap61,P2,NSGA-II,7,75000.000,926483.175
Small,cap61,P2,SPEA2,7,75000.000,907056.438
Small,cap61,P2,SPEA2,7,30000.000,1226352.538
Small,cap61,P2,SPEA2,7,90000.000,893071.412
Small,cap61,P2,SPEA2,7,82500.000,899285.312
Small,cap61,P2,SPEA2,7,67500.000,945413.963
Small,cap61,P2,SPEA2,7,60000.000,996768.438
Small,cap61,P2,SPEA2,7,52500.000,1013310.338
Small,cap61,P2,SPEA2,7,45000.000,1041484.525
Small,cap61,P2,SPEA2,7,37500.000,1061765.850
Small,cap61,P2,NSGA-II,8,67500.000,911056.688
Small,cap61,P2,NSGA-II,8,60000.000,916836.088
Small,cap61,P2,NSGA-II,8,52500.000,936641.825
Small,cap61,P2,NSGA-II,8,45000.000,972590.375
Small,cap61,P2,NSGA-II,8,37500.000,1149579.863
Small,cap61,P2,NSGA-II,8,30000.000,1289535.837
Small,cap61,P2,SPEA2,8,45000.000,1096158.312
Small,cap61,P2,SPEA2,8,75000.000,915080.750
Small,cap61,P2,SPEA2,8,37500.000,1182876.238
Small,cap61,P2,SPEA2,8,67500.000,921001.575
Small,cap61,P2,SPEA2,8,60000.000,923309.075
Small,cap61,P2,SPEA2,8,30000.000,1316163.050
Small,cap61,P2,SPEA2,8,52500.000,943220.412
Small,cap61,P2,SPEA2,8,82500.000,911924.188
Small,cap61,P2,NSGA-II,9,90000.000,892116.312
Small,cap61,P2,NSGA-II,9,30000.000,1243939.363
Small,cap61,P2,NSGA-II,9,37500.000,994324.025
Small,cap61,P2,NSGA-II,9,45000.000,978374.387
Small,cap61,P2,NSGA-II,9,60000.000,941611.625
Small,cap61,P2,NSGA-II,9,75000.000,902556.100
Small,cap61,P2,NSGA-II,9,67500.000,914614.787
Small,cap61,P2,NSGA-II,9,52500.000,953519.700
Small,cap61,P2,NSGA-II,9,82500.000,893162.375
Small,cap61,P2,SPEA2,9,52500.000,955212.400
Small,cap61,P2,SPEA2,9,90000.000,886672.125
Small,cap61,P2,SPEA2,9,82500.000,888992.350
Small,cap61,P2,SPEA2,9,37500.000,1005758.037
Small,cap61,P2,SPEA2,9,75000.000,897450.775
Small,cap61,P2,SPEA2,9,60000.000,922098.512
Small,cap61,P2,SPEA2,9,67500.000,910431.338
Small,cap61,P2,SPEA2,9,45000.000,977258.787
Small,cap61,P2,SPEA2,9,30000.000,1243722.613
Small,cap61,P2,NSGA-II,10,97500.000,888829.312
Small,cap61,P2,NSGA-II,10,90000.000,890861.925
Small,cap61,P2,NSGA-II,10,82500.000,894897.412
Small,cap61,P2,NSGA-II,10,75000.000,903089.412
Small,cap61,P2,NSGA-II,10,67500.000,911139.350
Small,cap61,P2,NSGA-II,10,60000.000,948555.650
Small,cap61,P2,NSGA-II,10,52500.000,978921.262
Small,cap61,P2,NSGA-II,10,45000.000,1044215.975
Small,cap61,P2,NSGA-II,10,37500.000,1101341.637
Small,cap61,P2,NSGA-II,10,30000.000,1242013.312
Small,cap61,P2,SPEA2,10,75000.000,897138.925
Small,cap61,P2,SPEA2,10,52500.000,975083.575
Small,cap61,P2,SPEA2,10,67500.000,908750.525
Small,cap61,P2,SPEA2,10,60000.000,932743.675
Small,cap61,P2,SPEA2,10,30000.000,1257826.525
Small,cap61,P2,SPEA2,10,45000.000,1006103.675
Small,cap61,P2,SPEA2,10,37500.000,1043371.925
Small,cap61,P2,SPEA2,10,90000.000,885918.938
Small,cap61,P3,NSGA-II,1,97500.000,885382.637
Small,cap61,P3,NSGA-II,1,90000.000,898623.862
Small,cap61,P3,NSGA-II,1,82500.000,899067.125
Small,cap61,P3,NSGA-II,1,75000.000,908713.737
Small,cap61,P3,NSGA-II,1,67500.000,932895.938
Small,cap61,P3,NSGA-II,1,60000.000,946546.362
Small,cap61,P3,NSGA-II,1,52500.000,957930.487
Small,cap61,P3,NSGA-II,1,45000.000,998473.175
Small,cap61,P3,NSGA-II,1,37500.000,1045510.650
Small,cap61,P3,NSGA-II,1,30000.000,1246343.413
Small,cap61,P3,SPEA2,1,37500.000,1127998.387
Small,cap61,P3,SPEA2,1,82500.000,891505.037
Small,cap61,P3,SPEA2,1,45000.000,987529.750
Small,cap61,P3,SPEA2,1,67500.000,904372.025
Small,cap61,P3,SPEA2,1,60000.000,914011.088
Small,cap61,P3,SPEA2,1,30000.000,1267857.087
Small,cap61,P3,SPEA2,1,75000.000,899265.838
Small,cap61,P3,SPEA2,1,90000.000,887660.825
Small,cap61,P3,SPEA2,1,52500.000,949171.225
Small,cap61,P3,NSGA-II,2,97500.000,895813.775
Small,cap61,P3,NSGA-II,2,90000.000,898525.725
Small,cap61,P3,NSGA-II,2,82500.000,912349.725
Small,cap61,P3,NSGA-II,2,75000.000,925607.050
Small,cap61,P3,NSGA-II,2,67500.000,936184.863
Small,cap61,P3,NSGA-II,2,60000.000,961248.988
Small,cap61,P3,NSGA-II,2,52500.000,982048.237
Small,cap61,P3,NSGA-II,2,45000.000,1007422.713
Small,cap61,P3,NSGA-II,2,37500.000,1026751.862
Small,cap61,P3,NSGA-II,2,30000.000,1211851.850
Small,cap61,P3,SPEA2,2,52500.000,948762.750
Small,cap61,P3,SPEA2,2,90000.000,896424.537
Small,cap61,P3,SPEA2,2,75000.000,911354.662
Small,cap61,P3,SPEA2,2,45000.000,969215.987
Small,cap61,P3,SPEA2,2,60000.000,937626.237
Small,cap61,P3,SPEA2,2,82500.000,900786.362
Small,cap61,P3,SPEA2,2,30000.000,1229505.150
Small,cap61,P3,SPEA2,2,67500.000,924138.262
Small,cap61,P3,SPEA2,2,37500.000,1009467.987
Small,cap61,P3,NSGA-II,3,90000.000,897416.037
Small,cap61,P3,NSGA-II,3,82500.000,897544.762
Small,cap61,P3,NSGA-II,3,75000.000,909043.375
Small,cap61,P3,NSGA-II,3,67500.000,935087.487
Small,cap61,P3,NSGA-II,3,60000.000,966951.387
Small,cap61,P3,NSGA-II,3,52500.000,988604.088
Small,cap61,P3,NSGA-II,3,45000.000,1018957.350
Small,cap61,P3,NSGA-II,3,37500.000,1149014.250
Small,cap61,P3,NSGA-II,3,30000.000,1252231.275
Small,cap61,P3,SPEA2,3,75000.000,910221.987
Small,cap61,P3,SPEA2,3,90000.000,894942.175
Small,cap61,P3,SPEA2,3,45000.000,1029312.887
Small,cap61,P3,SPEA2,3,52500.000,995019.438
Small,cap61,P3,SPEA2,3,60000.000,945425.950
Small,cap61,P3,SPEA2,3,82500.000,901588.387
Small,cap61,P3,SPEA2,3,37500.000,1112340.725
Small,cap61,P3,SPEA2,3,67500.000,924518.200
Small,cap61,P3,SPEA2,3,30000.000,1177590.300
Small,cap61,P3,NSGA-II,4,97500.000,888833.512
Small,cap61,P3,NSGA-II,4,90000.000,889324.562
Small,cap61,P3,NSGA-II,4,82500.000,902108.137
Small,cap61,P3,NSGA-II,4,75000.000,930812.275
Small,cap61,P3,NSGA-II,4,67500.000,955117.713
Small,cap61,P3,NSGA-II,4,60000.000,960621.850
Small,cap61,P3,NSGA-II,4,52500.000,990929.537
Small,cap61,P3,NSGA-II,4,45000.000,1019015.025
Small,cap61,P3,NSGA-II,4,37500.000,1071225.500
Small,cap61,P3,NSGA-II,4,30000.000,1228006.775
Small,cap61,P3,SPEA2,4,60000.000,974142.400
Small,cap61,P3,SPEA2,4,67500.000,950080.487
Small,cap61,P3,SPEA2,4,75000.000,929520.300
Small,cap61,P3,SPEA2,4,37500.000,1044876.125
Small,cap61,P3,SPEA2,4,30000.000,1218369.900
Small,cap61,P3,SPEA2,4,45000.000,1023858.912
Small,cap61,P3,SPEA2,4,82500.000,903001.975
Small,cap61,P3,SPEA2,4,52500.000,998992.987
Small,cap61,P3,NSGA-II,5,97500.000,886849.950
Small,cap61,P3,NSGA-II,5,90000.000,890558.062
Small,cap61,P3,NSGA-II,5,82500.000,903418.900
Small,cap61,P3,NSGA-II,5,75000.000,911031.862
Small,cap61,P3,NSGA-II,5,67500.000,923811.237
Small,cap61,P3,NSGA-II,5,60000.000,944678.862
Small,cap61,P3,NSGA-II,5,52500.000,956394.662
Small,cap61,P3,NSGA-II,5,45000.000,974658.213
Small,cap61,P3,NSGA-II,5,37500.000,988239.450
Small,cap61,P3,NSGA-II,5,30000.000,1202853.625
Small,cap61,P3,SPEA2,5,30000.000,1219688.663
Small,cap61,P3,SPEA2,5,45000.000,1002326.050
Small,cap61,P3,SPEA2,5,52500.000,982032.375
Small,cap61,P3,SPEA2,5,67500.000,944639.287
Small,cap61,P3,SPEA2,5,75000.000,923336.188
Small,cap61,P3,SPEA2,5,105000.000,889115.475
Small,cap61,P3,SPEA2,5,82500.000,899170.550
Small,cap61,P3,SPEA2,5,97500.000,889673.362
Small,cap61,P3,SPEA2,5,37500.000,1027299.662
Small,cap61,P3,SPEA2,5,90000.000,892903.213
Small,cap61,P3,SPEA2,5,60000.000,964905.050
Small,cap61,P3,NSGA-II,6,97500.000,871077.125
Small,cap61,P3,NSGA-II,6,90000.000,880329.350
Small,cap61,P3,NSGA-II,6,82500.000,890111.912
Small,cap61,P3,NSGA-II,6,75000.000,896755.725
Small,cap61,P3,NSGA-II,6,67500.000,918791.775
Small,cap61,P3,NSGA-II,6,60000.000,962433.012
Small,cap61,P3,NSGA-II,6,52500.000,1011210.100
Small,cap61,P3,NSGA-II,6,45000.000,1079674.413
Small,cap61,P3,NSGA-II,6,37500.000,1159716.137
Small,cap61,P3,NSGA-II,6,30000.000,1209337.113
Small,cap61,P3,SPEA2,6,30000.000,1230969.750
Small,cap61,P3,SPEA2,6,82500.000,897622.200
Small,cap61,P3,SPEA2,6,67500.000,918193.025
Small,cap61,P3,SPEA2,6,60000.000,938520.812
Small,cap61,P3,SPEA2,6,75000.000,907578.975
Small,cap61,P3,SPEA2,6,52500.000,979548.137
Small,cap61,P3,SPEA2,6,90000.000,889543.700
Small,cap61,P3,SPEA2,6,45000.000,1067290.012
Small,cap61,P3,SPEA2,6,37500.000,1157114.200
Small,cap61,P3,NSGA-II,7,105000.000,885537.688
Small,cap61,P3,NSGA-II,7,97500.000,892823.300
Small,cap61,P3,NSGA-II,7,90000.000,895347.950
Small,cap61,P3,NSGA-II,7,82500.000,902485.700
Small,cap61,P3,NSGA-II,7,75000.000,912272.112
Small,cap61,P3,NSGA-II,7,67500.000,924328.088
Small,cap61,P3,NSGA-II,7,60000.000,937047.000
Small,cap61,P3,NSGA-II,7,52500.000,949643.637
Small,cap61,P3,NSGA-II,7,45000.000,983634.838
Small,cap61,P3,NSGA-II,7,37500.000,1109342.637
Small,cap61,P3,NSGA-II,7,30000.000,1265255.012
Small,cap61,P3,SPEA2,7,45000.000,1022600.875
Small,cap61,P3,SPEA2,7,82500.000,883147.675
Small,cap61,P3,SPEA2,7,75000.000,898080.912
Small,cap61,P3,SPEA2,7,52500.000,964533.025
Small,cap61,P3,SPEA2,7,30000.000,1248009.538
Small,cap61,P3,SPEA2,7,90000.000,878717.425
Small,cap61,P3,SPEA2,7,37500.000,1128390.387
Small,cap61,P3,SPEA2,7,67500.000,914004.012
Small,cap61,P3,SPEA2,7,60000.000,935730.650
Small,cap61,P3,NSGA-II,8,97500.000,884774.237
Small,cap61,P3,NSGA-II,8,90000.000,886812.787
Small,cap61,P3,NSGA-II,8,82500.000,897101.737
Small,cap61,P3,NSGA-II,8,75000.000,897988.938
Small,cap61,P3,NSGA-II,8,67500.000,911841.162
Small,cap61,P3,NSGA-II,8,60000.000,926543.987
Small,cap61,P3,NSGA-II,8,52500.000,964612.925
Small,cap61,P3,NSGA-II,8,37500.000,1024504.425
Small,cap61,P3,NSGA-II,8,30000.000,1079598.775
Small,cap61,P3,SPEA2,8,97500.000,910214.575
Small,cap61,P3,SPEA2,8,82500.000,916963.562
Small,cap61,P3,SPEA2,8,37500.000,1035307.150
Small,cap61,P3,SPEA2,8,75000.000,923953.188
Small,cap61,P3,SPEA2,8,90000.000,912748.325
Small,cap61,P3,SPEA2,8,105000.000,909010.250
Small,cap61,P3,SPEA2,8,52500.000,970520.250
Small,cap61,P3,SPEA2,8,60000.000,957449.787
Small,cap61,P3,SPEA2,8,30000.000,1063806.400
Small,cap61,P3,SPEA2,8,67500.000,932814.925
Small,cap61,P3,SPEA2,8,45000.000,995908.775
Small,cap61,P3,NSGA-II,9,75000.000,892246.900
Small,cap61,P3,NSGA-II,9,67500.000,896909.237
Small,cap61,P3,NSGA-II,9,60000.000,920514.438
Small,cap61,P3,NSGA-II,9,52500.000,954816.800
Small,cap61,P3,NSGA-II,9,45000.000,980196.875
Small,cap61,P3,NSGA-II,9,37500.000,1057962.788
Small,cap61,P3,NSGA-II,9,30000.000,1230308.475
Small,cap61,P3,SPEA2,9,45000.000,998311.100
Small,cap61,P3,SPEA2,9,30000.000,1230604.900
Small,cap61,P3,SPEA2,9,37500.000,1073955.663
Small,cap61,P3,SPEA2,9,75000.000,902286.838
Small,cap61,P3,SPEA2,9,52500.000,953764.463
Small,cap61,P3,SPEA2,9,60000.000,948900.175
Small,cap61,P3,SPEA2,9,67500.000,910570.238
Small,cap61,P3,SPEA2,9,82500.000,891184.037
Small,cap61,P3,NSGA-II,10,105000.000,879008.088
Small,cap61,P3,NSGA-II,10,97500.000,882058.412
Small,cap61,P3,NSGA-II,10,90000.000,885344.850
Small,cap61,P3,NSGA-II,10,82500.000,896732.425
Small,cap61,P3,NSGA-II,10,75000.000,898918.550
Small,cap61,P3,NSGA-II,10,67500.000,910437.825
Small,cap61,P3,NSGA-II,10,60000.000,930549.137
Small,cap61,P3,NSGA-II,10,52500.000,960753.700
Small,cap61,P3,NSGA-II,10,45000.000,1000894.912
Small,cap61,P3,NSGA-II,10,37500.000,1052127.538
Small,cap61,P3,NSGA-II,10,30000.000,1240702.725
Small,cap61,P3,SPEA2,10,60000.000,934839.750
Small,cap61,P3,SPEA2,10,30000.000,1244371.038
Small,cap61,P3,SPEA2,10,97500.000,888847.512
Small,cap61,P3,SPEA2,10,67500.000,909651.075
Small,cap61,P3,SPEA2,10,90000.000,893233.475
Small,cap61,P3,SPEA2,10,75000.000,905439.500
Small,cap61,P3,SPEA2,10,82500.000,897543.775
Small,cap61,P3,SPEA2,10,37500.000,1003669.350
Small,cap61,P3,SPEA2,10,45000.000,966401.100
Small,cap61,P3,SPEA2,10,52500.000,940572.487
Small,cap62,P1,NSGA-II,1,137500.000,929502.725
Small,cap62,P1,NSGA-II,1,50000.000,1225753.038
Small,cap62,P1,NSGA-II,1,75000.000,1013656.412
Small,cap62,P1,NSGA-II,1,62500.000,1140616.575
Small,cap62,P1,NSGA-II,1,87500.000,980180.575
Small,cap62,P1,NSGA-II,1,100000.000,951681.325
Small,cap62,P1,NSGA-II,1,112500.000,936533.900
Small,cap62,P1,NSGA-II,1,125000.000,931500.463
Small,cap62,P1,SPEA2,1,112500.000,936234.737
Small,cap62,P1,SPEA2,1,87500.000,968460.950
Small,cap62,P1,SPEA2,1,125000.000,911377.662
Small,cap62,P1,SPEA2,1,150000.000,900765.438
Small,cap62,P1,SPEA2,1,100000.000,939961.700
Small,cap62,P1,SPEA2,1,137500.000,901367.625
Small,cap62,P1,SPEA2,1,75000.000,1050559.438
Small,cap62,P1,SPEA2,1,50000.000,1245370.900
Small,cap62,P1,SPEA2,1,62500.000,1112285.938
Small,cap62,P1,NSGA-II,2,162500.000,885808.200
Small,cap62,P1,NSGA-II,2,50000.000,1197734.600
Small,cap62,P1,NSGA-II,2,87500.000,1027032.637
Small,cap62,P1,NSGA-II,2,75000.000,1144056.087
Small,cap62,P1,NSGA-II,2,62500.000,1151626.025
Small,cap62,P1,NSGA-II,2,125000.000,929603.362
Small,cap62,P1,NSGA-II,2,112500.000,974177.787
Small,cap62,P1,NSGA-II,2,100000.000,983343.713
Small,cap62,P1,NSGA-II,2,137500.000,903818.588
Small,cap62,P1,NSGA-II,2,150000.000,892726.950
Small,cap62,P1,SPEA2,2,75000.000,998613.500
Small,cap62,P1,SPEA2,2,100000.000,949669.362
Small,cap62,P1,SPEA2,2,87500.000,975255.438
Small,cap62,P1,SPEA2,2,112500.000,935219.550
Small,cap62,P1,SPEA2,2,50000.000,1228254.825
Small,cap62,P1,SPEA2,2,62500.000,1079070.413
Small,cap62,P1,SPEA2,2,125000.000,905692.600
Small,cap62,P1,SPEA2,2,137500.000,893210.350
Small,cap62,P1,NSGA-II,3,150000.000,906506.887
Small,cap62,P1,NSGA-II,3,50000.000,1321024.300
Small,cap62,P1,NSGA-II,3,75000.000,1040071.525
Small,cap62,P1,NSGA-II,3,62500.000,1255358.650
Small,cap62,P1,NSGA-II,3,112500.000,941189.912
Small,cap62,P1,NSGA-II,3,100000.000,985546.938
Small,cap62,P1,NSGA-II,3,87500.000,999936.137
Small,cap62,P1,NSGA-II,3,125000.000,921133.787
Small,cap62,P1,NSGA-II,3,137500.000,910259.438
Small,cap62,P1,SPEA2,3,87500.000,999037.525
Small,cap62,P1,SPEA2,3,100000.000,966972.925
Small,cap62,P1,SPEA2,3,125000.000,931777.600
Small,cap62,P1,SPEA2,3,50000.000,1341152.538
Small,cap62,P1,SPEA2,3,75000.000,1068592.387
Small,cap62,P1,SPEA2,3,62500.000,1237242.312
Small,cap62,P1,SPEA2,3,137500.000,930707.688
Small,cap62,P1,SPEA2,3,112500.000,946916.800
Small,cap62,P1,SPEA2,3,150000.000,930376.900
Small,cap62,P1,NSGA-II,4,150000.000,907134.938
Small,cap62,P1,NSGA-II,4,50000.000,1287479.350
Small,cap62,P1,NSGA-II,4,62500.000,1082990.688
Small,cap62,P1,NSGA-II,4,75000.000,1037356.463
Small,cap62,P1,NSGA-II,4,87500.000,1003405.938
Small,cap62,P1,NSGA-II,4,112500.000,951748.425
Small,cap62,P1,NSGA-II,4,100000.000,980596.887
Small,cap62,P1,NSGA-II,4,137500.000,910304.650
Small,cap62,P1,NSGA-II,4,125000.000,936253.588
Small,cap62,P1,SPEA2,4,100000.000,987993.487
Small,cap62,P1,SPEA2,4,50000.000,1289340.300
Small,cap62,P1,SPEA2,4,112500.000,956517.912
Small,cap62,P1,SPEA2,4,87500.000,996852.988
Small,cap62,P1,SPEA2,4,62500.000,1054981.425
Small,cap62,P1,SPEA2,4,75000.000,1021530.613
Small,cap62,P1,SPEA2,4,125000.000,932294.475
Small,cap62,P1,SPEA2,4,150000.000,923104.487
Small,cap62,P1,SPEA2,4,137500.000,924902.612
Small,cap62,P1,NSGA-II,5,150000.000,888287.162
Small,cap62,P1,NSGA-II,5,50000.000,1236967.000
Small,cap62,P1,NSGA-II,5,62500.000,1069033.050
Small,cap62,P1,NSGA-II,5,87500.000,938198.487
Small,cap62,P1,NSGA-II,5,75000.000,1026987.650
Small,cap62,P1,NSGA-II,5,112500.000,914845.088
Small,cap62,P1,NSGA-II,5,100000.000,933648.775
Small,cap62,P1,NSGA-II,5,125000.000,903905.787
Small,cap62,P1,NSGA-II,5,137500.000,894253.162
Small,cap62,P1,SPEA2,5,75000.000,1014696.137
Small,cap62,P1,SPEA2,5,125000.000,913897.262
Small,cap62,P1,SPEA2,5,100000.000,958992.950
Small,cap62,P1,SPEA2,5,137500.000,901586.987
Small,cap62,P1,SPEA2,5,62500.000,1056774.062
Small,cap62,P1,SPEA2,5,112500.000,933953.387
Small,cap62,P1,SPEA2,5,87500.000,1004171.137
Small,cap62,P1,SPEA2,5,50000.000,1250210.387
Small,cap62,P1,NSGA-II,6,112500.000,930001.275
Small,cap62,P1,NSGA-II,6,50000.000,1269752.438
Small,cap62,P1,NSGA-II,6,87500.000,970827.450
Small,cap62,P1,NSGA-II,6,75000.000,1102247.225
Small,cap62,P1,NSGA-II,6,62500.000,1204799.825
Small,cap62,P1,NSGA-II,6,100000.000,942328.200
Small,cap62,P1,SPEA2,6,137500.000,914564.688
Small,cap62,P1,SPEA2,6,75000.000,1147515.525
Small,cap62,P1,SPEA2,6,62500.000,1148332.725
Small,cap62,P1,SPEA2,6,125000.000,915662.688
Small,cap62,P1,SPEA2,6,100000.000,954938.938
Small,cap62,P1,SPEA2,6,112500.000,930261.312
Small,cap62,P1,SPEA2,6,50000.000,1210630.038
Small,cap62,P1,SPEA2,6,87500.000,1100528.488
Small,cap62,P1,NSGA-II,7,125000.000,942951.088
Small,cap62,P1,NSGA-II,7,50000.000,1473664.675
Small,cap62,P1,NSGA-II,7,62500.000,1110258.462
Small,cap62,P1,NSGA-II,7,87500.000,1030607.250
Small,cap62,P1,NSGA-II,7,75000.000,1061858.312
Small,cap62,P1,NSGA-II,7,100000.000,960545.862
Small,cap62,P1,NSGA-II,7,112500.000,950499.838
Small,cap62,P1,SPEA2,7,100000.000,977826.050
Small,cap62,P1,SPEA2,7,125000.000,952603.562
Small,cap62,P1,SPEA2,7,112500.000,962987.838
Small,cap62,P1,SPEA2,7,62500.000,1095842.425
Small,cap62,P1,SPEA2,7,87500.000,1000524.412
Small,cap62,P1,SPEA2,7,75000.000,1067726.637
Small,cap62,P1,SPEA2,7,50000.000,1472712.488
Small,cap62,P1,NSGA-II,8,150000.000,887709.025
Small,cap62,P1,NSGA-II,8,50000.000,1306251.387
Small,cap62,P1,NSGA-II,8,62500.000,1116358.925
Small,cap62,P1,NSGA-II,8,87500.000,1010352.237
Small,cap62,P1,NSGA-II,8,75000.000,1112621.000
Small,cap62,P1,NSGA-II,8,100000.000,946365.600
Small,cap62,P1,NSGA-II,8,112500.000,912562.838
Small,cap62,P1,NSGA-II,8,137500.000,887889.700
Small,cap62,P1,NSGA-II,8,125000.000,900423.438
Small,cap62,P1,SPEA2,8,75000.000,1045100.738
Small,cap62,P1,SPEA2,8,87500.000,1021492.613
Small,cap62,P1,SPEA2,8,125000.000,931486.375
Small,cap62,P1,SPEA2,8,137500.000,917388.588
Small,cap62,P1,SPEA2,8,112500.000,962963.912
Small,cap62,P1,SPEA2,8,100000.000,1000832.300
Small,cap62,P1,SPEA2,8,150000.000,911882.737
Small,cap62,P1,SPEA2,8,62500.000,1131569.637
Small,cap62,P1,SPEA2,8,50000.000,1322824.512
Small,cap62,P1,NSGA-II,9,125000.000,916116.387
Small,cap62,P1,NSGA-II,9,50000.000,1232570.837
Small,cap62,P1,NSGA-II,9,75000.000,1011940.275
Small,cap62,P1,NSGA-II,9,62500.000,1134426.925
Small,cap62,P1,NSGA-II,9,100000.000,949117.700
Small,cap62,P1,NSGA-II,9,87500.000,986988.900
Small,cap62,P1,NSGA-II,9,112500.000,924166.325
Small,cap62,P1,SPEA2,9,62500.000,976102.838
Small,cap62,P1,SPEA2,9,100000.000,939712.450
Small,cap62,P1,SPEA2,9,50000.000,1004602.088
Small,cap62,P1,SPEA2,9,112500.000,931686.838
Small,cap62,P1,SPEA2,9,75000.000,960838.537
Small,cap62,P1,SPEA2,9,87500.000,948699.137
Small,cap62,P1,NSGA-II,10,162500.000,889893.838
Small,cap62,P1,NSGA-II,10,50000.000,1239418.125
Small,cap62,P1,NSGA-II,10,100000.000,962181.637
Small,cap62,P1,NSGA-II,10,87500.000,1086645.413
Small,cap62,P1,NSGA-II,10,75000.000,1140609.962
Small,cap62,P1,NSGA-II,10,62500.000,1199453.925
Small,cap62,P1,NSGA-II,10,112500.000,930241.975
Small,cap62,P1,NSGA-II,10,125000.000,904338.363
Small,cap62,P1,NSGA-II,10,150000.000,890794.738
Small,cap62,P1,NSGA-II,10,137500.000,898343.488
Small,cap62,P1,SPEA2,10,112500.000,983220.688
Small,cap62,P1,SPEA2,10,125000.000,955225.562
Small,cap62,P1,SPEA2,10,62500.000,1171546.525
Small,cap62,P1,SPEA2,10,150000.000,933297.475
Small,cap62,P1,SPEA2,10,137500.000,945140.350
Small,cap62,P1,SPEA2,10,75000.000,1062804.288
Small,cap62,P1,SPEA2,10,100000.000,1012846.750
Small,cap62,P1,SPEA2,10,87500.000,1054579.288
Small,cap62,P1,SPEA2,10,162500.000,931485.600
Small,cap62,P1,SPEA2,10,50000.000,1251143.800
Small,cap62,P1,SPEA2,10,175000.000,928580.775
Small,cap62,P2,NSGA-II,1,137500.000,890989.600
Small,cap62,P2,NSGA-II,1,50000.000,1252113.125
Small,cap62,P2,NSGA-II,1,62500.000,1114026.688
Small,cap62,P2,NSGA-II,1,75000.000,989895.562
Small,cap62,P2,NSGA-II,1,87500.000,945024.963
Small,cap62,P2,NSGA-II,1,100000.000,916703.950
Small,cap62,P2,NSGA-II,1,125000.000,902471.262
Small,cap62,P2,NSGA-II,1,112500.000,912126.838
Small,cap62,P2,SPEA2,1,112500.000,913417.100
Small,cap62,P2,SPEA2,1,87500.000,943311.137
Small,cap62,P2,SPEA2,1,62500.000,1179743.025
Small,cap62,P2,SPEA2,1,75000.000,980602.662
Small,cap62,P2,SPEA2,1,137500.000,899393.700
Small,cap62,P2,SPEA2,1,125000.000,905988.375
Small,cap62,P2,SPEA2,1,150000.000,899035.512
Small,cap62,P2,SPEA2,1,100000.000,924915.675
Small,cap62,P2,SPEA2,1,50000.000,1254701.988
Small,cap62,P2,NSGA-II,2,150000.000,900985.737
Small,cap62,P2,NSGA-II,2,137500.000,904266.475
Small,cap62,P2,NSGA-II,2,125000.000,921103.812
Small,cap62,P2,NSGA-II,2,112500.000,939333.238
Small,cap62,P2,NSGA-II,2,100000.000,957831.700
Small,cap62,P2,NSGA-II,2,87500.000,987123.963
Small,cap62,P2,NSGA-II,2,75000.000,1054013.788
Small,cap62,P2,NSGA-II,2,62500.000,1086901.913
Small,cap62,P2,NSGA-II,2,50000.000,1273714.688
Small,cap62,P2,SPEA2,2,62500.000,1036276.050
Small,cap62,P2,SPEA2,2,75000.000,1004640.200
Small,cap62,P2,SPEA2,2,50000.000,1246809.062
Small,cap62,P2,SPEA2,2,125000.000,906826.125
Small,cap62,P2,SPEA2,2,162500.000,886329.588
Small,cap62,P2,SPEA2,2,150000.000,893072.825
Small,cap62,P2,SPEA2,2,100000.000,963919.150
Small,cap62,P2,SPEA2,2,87500.000,974939.125
Small,cap62,P2,SPEA2,2,137500.000,898429.487
Small,cap62,P2,SPEA2,2,112500.000,951731.838
Small,cap62,P2,NSGA-II,3,150000.000,895385.625
Small,cap62,P2,NSGA-II,3,137500.000,898277.025
Small,cap62,P2,NSGA-II,3,125000.000,907914.737
Small,cap62,P2,NSGA-II,3,112500.000,923310.062
Small,cap62,P2,NSGA-II,3,100000.000,953411.612
Small,cap62,P2,NSGA-II,3,87500.000,969888.475
Small,cap62,P2,NSGA-II,3,75000.000,999710.725
Small,cap62,P2,NSGA-II,3,62500.000,1191383.300
Small,cap62,P2,NSGA-II,3,50000.000,1220219.325
Small,cap62,P2,SPEA2,3,112500.000,928709.300
Small,cap62,P2,SPEA2,3,125000.000,914332.125
Small,cap62,P2,SPEA2,3,50000.000,1233811.775
Small,cap62,P2,SPEA2,3,62500.000,1109906.100
Small,cap62,P2,SPEA2,3,75000.000,1089526.775
Small,cap62,P2,SPEA2,3,100000.000,945854.987
Small,cap62,P2,SPEA2,3,87500.000,969064.150
Small,cap62,P2,SPEA2,3,150000.000,896490.088
Small,cap62,P2,SPEA2,3,137500.000,904734.338
Small,cap62,P2,NSGA-II,4,137500.000,903943.162
Small,cap62,P2,NSGA-II,4,50000.000,1217621.425
Small,cap62,P2,NSGA-II,4,62500.000,1054497.375
Small,cap62,P2,NSGA-II,4,87500.000,959697.100
Small,cap62,P2,NSGA-II,4,75000.000,1044599.400
Small,cap62,P2,NSGA-II,4,100000.000,926180.562
Small,cap62,P2,NSGA-II,4,125000.000,909637.475
Small,cap62,P2,NSGA-II,4,112500.000,920674.963
Small,cap62,P2,SPEA2,4,125000.000,944993.637
Small,cap62,P2,SPEA2,4,137500.000,918957.925
Small,cap62,P2,SPEA2,4,62500.000,1039492.175
Small,cap62,P2,SPEA2,4,75000.000,1006564.463
Small,cap62,P2,SPEA2,4,100000.000,972721.525
Small,cap62,P2,SPEA2,4,112500.000,972501.625
Small,cap62,P2,SPEA2,4,50000.000,1222299.475
Small,cap62,P2,SPEA2,4,87500.000,985293.800
Small,cap62,P2,NSGA-II,5,150000.000,906573.688
Small,cap62,P2,NSGA-II,5,137500.000,913796.713
Small,cap62,P2,NSGA-II,5,125000.000,916295.237
Small,cap62,P2,NSGA-II,5,112500.000,939457.600
Small,cap62,P2,NSGA-II,5,100000.000,958244.838
Small,cap62,P2,NSGA-II,5,87500.000,964026.150
Small,cap62,P2,NSGA-II,5,75000.000,983994.875
Small,cap62,P2,NSGA-II,5,62500.000,1004186.862
Small,cap62,P2,NSGA-II,5,50000.000,1219610.113
Small,cap62,P2,SPEA2,5,100000.000,923113.012
Small,cap62,P2,SPEA2,5,62500.000,998558.012
Small,cap62,P2,SPEA2,5,87500.000,947317.463
Small,cap62,P2,SPEA2,5,125000.000,906819.637
Small,cap62,P2,SPEA2,5,75000.000,977172.662
Small,cap62,P2,SPEA2,5,50000.000,1232061.562
Small,cap62,P2,NSGA-II,6,162500.000,896754.550
Small,cap62,P2,NSGA-II,6,150000.000,900851.250
Small,cap62,P2,NSGA-II,6,137500.000,909233.412
Small,cap62,P2,NSGA-II,6,125000.000,931796.537
Small,cap62,P2,NSGA-II,6,112500.000,953124.088
Small,cap62,P2,NSGA-II,6,100000.000,992135.175
Small,cap62,P2,NSGA-II,6,87500.000,1034548.137
Small,cap62,P2,NSGA-II,6,75000.000,1082608.250
Small,cap62,P2,NSGA-II,6,62500.000,1087841.538
Small,cap62,P2,NSGA-II,6,50000.000,1305320.100
Small,cap62,P2,SPEA2,6,162500.000,888762.175
Small,cap62,P2,SPEA2,6,112500.000,952866.475
Small,cap62,P2,SPEA2,6,75000.000,1096524.050
Small,cap62,P2,SPEA2,6,150000.000,894763.900
Small,cap62,P2,SPEA2,6,125000.000,915037.862
Small,cap62,P2,SPEA2,6,50000.000,1311737.913
Small,cap62,P2,SPEA2,6,62500.000,1166227.887
Small,cap62,P2,SPEA2,6,137500.000,902898.463
Small,cap62,P2,SPEA2,6,87500.000,1023532.088
Small,cap62,P2,SPEA2,6,100000.000,987467.137
Small,cap62,P2,NSGA-II,7,137500.000,915470.612
Small,cap62,P2,NSGA-II,7,50000.000,1281405.200
Small,cap62,P2,NSGA-II,7,62500.000,1118292.750
Small,cap62,P2,NSGA-II,7,87500.000,990492.050
Small,cap62,P2,NSGA-II,7,100000.000,968128.112
Small,cap62,P2,NSGA-II,7,112500.000,948154.237
Small,cap62,P2,NSGA-II,7,75000.000,1078029.000
Small,cap62,P2,NSGA-II,7,125000.000,926483.175
Small,cap62,P2,SPEA2,7,125000.000,907056.438
Small,cap62,P2,SPEA2,7,50000.000,1226352.538
Small,cap62,P2,SPEA2,7,150000.000,893071.412
Small,cap62,P2,SPEA2,7,137500.000,899285.312
Small,cap62,P2,SPEA2,7,112500.000,945413.963
Small,cap62,P2,SPEA2,7,100000.000,996768.438
Small,cap62,P2,SPEA2,7,87500.000,1013310.338
Small,cap62,P2,SPEA2,7,75000.000,1041484.525
Small,cap62,P2,SPEA2,7,62500.000,1061765.850
Small,cap62,P2,NSGA-II,8,112500.000,911056.688
Small,cap62,P2,NSGA-II,8,100000.000,916836.088
Small,cap62,P2,NSGA-II,8,87500.000,936641.825
Small,cap62,P2,NSGA-II,8,75000.000,972590.375
Small,cap62,P2,NSGA-II,8,62500.000,1149579.863
Small,cap62,P2,NSGA-II,8,50000.000,1289535.837
Small,cap62,P2,SPEA2,8,75000.000,1096158.312
Small,cap62,P2,SPEA2,8,125000.000,915080.750
Small,cap62,P2,SPEA2,8,62500.000,1182876.238
Small,cap62,P2,SPEA2,8,112500.000,921001.575
Small,cap62,P2,SPEA2,8,100000.000,923309.075
Small,cap62,P2,SPEA2,8,50000.000,1316163.050
Small,cap62,P2,SPEA2,8,87500.000,943220.412
Small,cap62,P2,SPEA2,8,137500.000,911924.188
Small,cap62,P2,NSGA-II,9,150000.000,892116.312
Small,cap62,P2,NSGA-II,9,50000.000,1243939.363
Small,cap62,P2,NSGA-II,9,62500.000,994324.025
Small,cap62,P2,NSGA-II,9,75000.000,978374.387
Small,cap62,P2,NSGA-II,9,100000.000,941611.625
Small,cap62,P2,NSGA-II,9,125000.000,902556.100
Small,cap62,P2,NSGA-II,9,112500.000,914614.787
Small,cap62,P2,NSGA-II,9,87500.000,953519.700
Small,cap62,P2,NSGA-II,9,137500.000,893162.375
Small,cap62,P2,SPEA2,9,87500.000,955212.400
Small,cap62,P2,SPEA2,9,150000.000,886672.125
Small,cap62,P2,SPEA2,9,137500.000,888992.350
Small,cap62,P2,SPEA2,9,62500.000,1005758.037
Small,cap62,P2,SPEA2,9,125000.000,897450.775
Small,cap62,P2,SPEA2,9,100000.000,922098.512
Small,cap62,P2,SPEA2,9,112500.000,910431.338
Small,cap62,P2,SPEA2,9,75000.000,977258.787
Small,cap62,P2,SPEA2,9,50000.000,1243722.613
Small,cap62,P2,NSGA-II,10,162500.000,888829.312
Small,cap62,P2,NSGA-II,10,150000.000,890861.925
Small,cap62,P2,NSGA-II,10,137500.000,894897.412
Small,cap62,P2,NSGA-II,10,125000.000,903089.412
Small,cap62,P2,NSGA-II,10,112500.000,911139.350
Small,cap62,P2,NSGA-II,10,100000.000,948555.650
Small,cap62,P2,NSGA-II,10,87500.000,978921.262
Small,cap62,P2,NSGA-II,10,75000.000,1044215.975
Small,cap62,P2,NSGA-II,10,62500.000,1101341.637
Small,cap62,P2,NSGA-II,10,50000.000,1242013.312
Small,cap62,P2,SPEA2,10,125000.000,897138.925
Small,cap62,P2,SPEA2,10,87500.000,975083.575
Small,cap62,P2,SPEA2,10,112500.000,908750.525
Small,cap62,P2,SPEA2,10,100000.000,932743.675
Small,cap62,P2,SPEA2,10,50000.000,1257826.525
Small,cap62,P2,SPEA2,10,75000.000,1006103.675
Small,cap62,P2,SPEA2,10,62500.000,1043371.925
Small,cap62,P2,SPEA2,10,150000.000,885918.938
Small,cap62,P3,NSGA-II,1,162500.000,885382.637
Small,cap62,P3,NSGA-II,1,150000.000,898623.862
Small,cap62,P3,NSGA-II,1,137500.000,899067.125
Small,cap62,P3,NSGA-II,1,125000.000,908713.737
Small,cap62,P3,NSGA-II,1,112500.000,932895.938
Small,cap62,P3,NSGA-II,1,100000.000,946546.362
Small,cap62,P3,NSGA-II,1,87500.000,957930.487
Small,cap62,P3,NSGA-II,1,75000.000,998473.175
Small,cap62,P3,NSGA-II,1,62500.000,1045510.650
Small,cap62,P3,NSGA-II,1,50000.000,1246343.413
Small,cap62,P3,SPEA2,1,62500.000,1127998.387
Small,cap62,P3,SPEA2,1,137500.000,891505.037
Small,cap62,P3,SPEA2,1,75000.000,987529.750
Small,cap62,P3,SPEA2,1,112500.000,904372.025
Small,cap62,P3,SPEA2,1,100000.000,914011.088
Small,cap62,P3,SPEA2,1,50000.000,1267857.087
Small,cap62,P3,SPEA2,1,125000.000,899265.838
Small,cap62,P3,SPEA2,1,150000.000,887660.825
Small,cap62,P3,SPEA2,1,87500.000,949171.225
Small,cap62,P3,NSGA-II,2,162500.000,895813.775
Small,cap62,P3,NSGA-II,2,150000.000,898525.725
Small,cap62,P3,NSGA-II,2,137500.000,912349.725
Small,cap62,P3,NSGA-II,2,125000.000,925607.050
Small,cap62,P3,NSGA-II,2,112500.000,936184.863
Small,cap62,P3,NSGA-II,2,100000.000,961248.988
Small,cap62,P3,NSGA-II,2,87500.000,982048.237
Small,cap62,P3,NSGA-II,2,75000.000,1007422.713
Small,cap62,P3,NSGA-II,2,62500.000,1026751.862
Small,cap62,P3,NSGA-II,2,50000.000,1211851.850
Small,cap62,P3,SPEA2,2,87500.000,948762.750
Small,cap62,P3,SPEA2,2,150000.000,896424.537
Small,cap62,P3,SPEA2,2,125000.000,911354.662
Small,cap62,P3,SPEA2,2,75000.000,969215.987
Small,cap62,P3,SPEA2,2,100000.000,937626.237
Small,cap62,P3,SPEA2,2,137500.000,900786.362
Small,cap62,P3,SPEA2,2,50000.000,1229505.150
Small,cap62,P3,SPEA2,2,112500.000,924138.262
Small,cap62,P3,SPEA2,2,62500.000,1009467.987
Small,cap62,P3,NSGA-II,3,162500.000,887531.487
Small,cap62,P3,NSGA-II,3,150000.000,887977.100
Small,cap62,P3,NSGA-II,3,137500.000,896798.850
Small,cap62,P3,NSGA-II,3,125000.000,914759.188
Small,cap62,P3,NSGA-II,3,112500.000,944632.175
Small,cap62,P3,NSGA-II,3,100000.000,961814.800
Small,cap62,P3,NSGA-II,3,87500.000,981927.450
Small,cap62,P3,NSGA-II,3,75000.000,1023158.838
Small,cap62,P3,NSGA-II,3,62500.000,1150610.625
Small,cap62,P3,NSGA-II,3,50000.000,1253079.200
Small,cap62,P3,SPEA2,3,125000.000,910221.987
Small,cap62,P3,SPEA2,3,150000.000,894942.175
Small,cap62,P3,SPEA2,3,75000.000,1029312.887
Small,cap62,P3,SPEA2,3,87500.000,995019.438
Small,cap62,P3,SPEA2,3,100000.000,945425.950
Small,cap62,P3,SPEA2,3,137500.000,901588.387
Small,cap62,P3,SPEA2,3,62500.000,1112340.725
Small,cap62,P3,SPEA2,3,112500.000,924518.200
Small,cap62,P3,SPEA2,3,50000.000,1177590.300
Small,cap62,P3,NSGA-II,4,162500.000,888833.512
Small,cap62,P3,NSGA-II,4,150000.000,889324.562
Small,cap62,P3,NSGA-II,4,137500.000,902108.137
Small,cap62,P3,NSGA-II,4,125000.000,930812.275
Small,cap62,P3,NSGA-II,4,112500.000,955117.713
Small,cap62,P3,NSGA-II,4,100000.000,960621.850
Small,cap62,P3,NSGA-II,4,87500.000,990929.537
Small,cap62,P3,NSGA-II,4,75000.000,1019015.025
Small,cap62,P3,NSGA-II,4,62500.000,1071225.500
Small,cap62,P3,NSGA-II,4,50000.000,1228006.775
Small,cap62,P3,SPEA2,4,100000.000,974142.400
Small,cap62,P3,SPEA2,4,112500.000,950080.487
Small,cap62,P3,SPEA2,4,125000.000,929520.300
Small,cap62,P3,SPEA2,4,62500.000,1044876.125
Small,cap62,P3,SPEA2,4,50000.000,1218369.900
Small,cap62,P3,SPEA2,4,75000.000,1023858.912
Small,cap62,P3,SPEA2,4,137500.000,903001.975
Small,cap62,P3,SPEA2,4,87500.000,998992.987
Small,cap62,P3,NSGA-II,5,162500.000,886849.950
Small,cap62,P3,NSGA-II,5,150000.000,890558.062
Small,cap62,P3,NSGA-II,5,137500.000,903418.900
Small,cap62,P3,NSGA-II,5,125000.000,911031.862
Small,cap62,P3,NSGA-II,5,112500.000,923811.237
Small,cap62,P3,NSGA-II,5,100000.000,944678.862
Small,cap62,P3,NSGA-II,5,87500.000,956394.662
Small,cap62,P3,NSGA-II,5,75000.000,974658.213
Small,cap62,P3,NSGA-II,5,62500.000,988239.450
Small,cap62,P3,NSGA-II,5,50000.000,1202853.625
Small,cap62,P3,SPEA2,5,87500.000,1002173.375
Small,cap62,P3,SPEA2,5,112500.000,908273.062
Small,cap62,P3,SPEA2,5,50000.000,1225821.700
Small,cap62,P3,SPEA2,5,125000.000,896849.963
Small,cap62,P3,SPEA2,5,75000.000,1008934.475
Small,cap62,P3,SPEA2,5,137500.000,889503.338
Small,cap62,P3,SPEA2,5,100000.000,931412.250
Small,cap62,P3,SPEA2,5,62500.000,1031208.037
Small,cap62,P3,NSGA-II,6,162500.000,871077.125
Small,cap62,P3,NSGA-II,6,150000.000,880329.350
Small,cap62,P3,NSGA-II,6,137500.000,890111.912
Small,cap62,P3,NSGA-II,6,125000.000,896755.725
Small,cap62,P3,NSGA-II,6,112500.000,918791.775
Small,cap62,P3,NSGA-II,6,100000.000,962433.012
Small,cap62,P3,NSGA-II,6,87500.000,1011210.100
Small,cap62,P3,NSGA-II,6,75000.000,1079674.413
Small,cap62,P3,NSGA-II,6,62500.000,1159716.137
Small,cap62,P3,NSGA-II,6,50000.000,1209337.113
Small,cap62,P3,SPEA2,6,62500.000,1119969.750
Small,cap62,P3,SPEA2,6,75000.000,1055025.988
Small,cap62,P3,SPEA2,6,150000.000,890153.362
Small,cap62,P3,SPEA2,6,87500.000,982708.938
Small,cap62,P3,SPEA2,6,112500.000,934383.562
Small,cap62,P3,SPEA2,6,125000.000,918470.338
Small,cap62,P3,SPEA2,6,162500.000,887058.325
Small,cap62,P3,SPEA2,6,100000.000,974856.775
Small,cap62,P3,SPEA2,6,50000.000,1311080.188
Small,cap62,P3,SPEA2,6,137500.000,894272.650
Small,cap62,P3,NSGA-II,7,175000.000,886972.525
Small,cap62,P3,NSGA-II,7,162500.000,893871.825
Small,cap62,P3,NSGA-II,7,150000.000,902909.525
Small,cap62,P3,NSGA-II,7,137500.000,909928.550
Small,cap62,P3,NSGA-II,7,125000.000,914243.600
Small,cap62,P3,NSGA-II,7,112500.000,921394.525
Small,cap62,P3,NSGA-II,7,100000.000,939767.900
Small,cap62,P3,NSGA-II,7,87500.000,954186.237
Small,cap62,P3,NSGA-II,7,75000.000,980197.188
Small,cap62,P3,NSGA-II,7,62500.000,1117068.125
Small,cap62,P3,NSGA-II,7,50000.000,1265935.413
Small,cap62,P3,SPEA2,7,150000.000,875580.475
Small,cap62,P3,SPEA2,7,112500.000,913215.338
Small,cap62,P3,SPEA2,7,75000.000,1050035.325
Small,cap62,P3,SPEA2,7,125000.000,894469.850
Small,cap62,P3,SPEA2,7,87500.000,987170.125
Small,cap62,P3,SPEA2,7,50000.000,1264634.400
Small,cap62,P3,SPEA2,7,62500.000,1109093.688
Small,cap62,P3,SPEA2,7,100000.000,938995.225
Small,cap62,P3,SPEA2,7,137500.000,884870.188
Small,cap62,P3,NSGA-II,8,162500.000,884774.237
Small,cap62,P3,NSGA-II,8,150000.000,886812.787
Small,cap62,P3,NSGA-II,8,137500.000,897101.737
Small,cap62,P3,NSGA-II,8,125000.000,897988.938
Small,cap62,P3,NSGA-II,8,112500.000,911841.162
Small,cap62,P3,NSGA-II,8,100000.000,926543.987
Small,cap62,P3,NSGA-II,8,87500.000,964612.925
Small,cap62,P3,NSGA-II,8,62500.000,1024504.425
Small,cap62,P3,NSGA-II,8,50000.000,1079598.775
Small,cap62,P3,SPEA2,8,162500.000,910214.575
Small,cap62,P3,SPEA2,8,137500.000,916963.562
Small,cap62,P3,SPEA2,8,62500.000,1035307.150
Small,cap62,P3,SPEA2,8,125000.000,923953.188
Small,cap62,P3,SPEA2,8,150000.000,912748.325
Small,cap62,P3,SPEA2,8,175000.000,909010.250
Small,cap62,P3,SPEA2,8,87500.000,970520.250
Small,cap62,P3,SPEA2,8,100000.000,957449.787
Small,cap62,P3,SPEA2,8,50000.000,1063806.400
Small,cap62,P3,SPEA2,8,112500.000,932814.925
Small,cap62,P3,SPEA2,8,75000.000,995908.775
Small,cap62,P3,NSGA-II,9,125000.000,892246.900
Small,cap62,P3,NSGA-II,9,112500.000,896909.237
Small,cap62,P3,NSGA-II,9,100000.000,920514.438
Small,cap62,P3,NSGA-II,9,87500.000,954816.800
Small,cap62,P3,NSGA-II,9,75000.000,980196.875
Small,cap62,P3,NSGA-II,9,62500.000,1057962.788
Small,cap62,P3,NSGA-II,9,50000.000,1230308.475
Small,cap62,P3,SPEA2,9,50000.000,1235652.075
Small,cap62,P3,SPEA2,9,150000.000,895486.613
Small,cap62,P3,SPEA2,9,125000.000,909031.412
Small,cap62,P3,SPEA2,9,62500.000,1057049.900
Small,cap62,P3,SPEA2,9,100000.000,938897.775
Small,cap62,P3,SPEA2,9,137500.000,895822.662
Small,cap62,P3,SPEA2,9,112500.000,917087.975
Small,cap62,P3,SPEA2,9,87500.000,953275.375
Small,cap62,P3,SPEA2,9,75000.000,974907.863
Small,cap62,P3,NSGA-II,10,175000.000,879008.088
Small,cap62,P3,NSGA-II,10,162500.000,882058.412
Small,cap62,P3,NSGA-II,10,150000.000,885344.850
Small,cap62,P3,NSGA-II,10,137500.000,896732.425
Small,cap62,P3,NSGA-II,10,125000.000,898918.550
Small,cap62,P3,NSGA-II,10,112500.000,910437.825
Small,cap62,P3,NSGA-II,10,100000.000,930549.137
Small,cap62,P3,NSGA-II,10,87500.000,960753.700
Small,cap62,P3,NSGA-II,10,75000.000,1000894.912
Small,cap62,P3,NSGA-II,10,62500.000,1052127.538
Small,cap62,P3,NSGA-II,10,50000.000,1240702.725
Small,cap62,P3,SPEA2,10,100000.000,934839.750
Small,cap62,P3,SPEA2,10,50000.000,1244371.038
Small,cap62,P3,SPEA2,10,162500.000,888847.512
Small,cap62,P3,SPEA2,10,112500.000,909651.075
Small,cap62,P3,SPEA2,10,150000.000,893233.475
Small,cap62,P3,SPEA2,10,125000.000,905439.500
Small,cap62,P3,SPEA2,10,137500.000,897543.775
Small,cap62,P3,SPEA2,10,62500.000,1003669.350
Small,cap62,P3,SPEA2,10,75000.000,966401.100
Small,cap62,P3,SPEA2,10,87500.000,940572.487
Medium,cap101,P1,NSGA-II,1,135000.000,749945.100
Medium,cap101,P1,NSGA-II,1,22500.000,1274108.900
Medium,cap101,P1,NSGA-II,1,30000.000,1147307.900
Medium,cap101,P1,NSGA-II,1,60000.000,926739.375
Medium,cap101,P1,NSGA-II,1,37500.000,1027414.400
Medium,cap101,P1,NSGA-II,1,67500.000,861283.363
Medium,cap101,P1,NSGA-II,1,45000.000,978004.850
Medium,cap101,P1,NSGA-II,1,52500.000,951114.875
Medium,cap101,P1,NSGA-II,1,75000.000,837204.312
Medium,cap101,P1,NSGA-II,1,120000.000,760134.338
Medium,cap101,P1,NSGA-II,1,112500.000,777560.588
Medium,cap101,P1,NSGA-II,1,105000.000,793765.325
Medium,cap101,P1,NSGA-II,1,97500.000,806757.162
Medium,cap101,P1,NSGA-II,1,90000.000,822875.312
Medium,cap101,P1,NSGA-II,1,82500.000,825302.562
Medium,cap101,P1,NSGA-II,1,127500.000,750541.162
Medium,cap101,P1,SPEA2,1,67500.000,838792.713
Medium,cap101,P1,SPEA2,1,97500.000,792433.588
Medium,cap101,P1,SPEA2,1,60000.000,860095.525
Medium,cap101,P1,SPEA2,1,112500.000,771504.125
Medium,cap101,P1,SPEA2,1,90000.000,805325.700
Medium,cap101,P1,SPEA2,1,37500.000,995223.875
Medium,cap101,P1,SPEA2,1,127500.000,759831.262
Medium,cap101,P1,SPEA2,1,105000.000,785789.262
Medium,cap101,P1,SPEA2,1,52500.000,919284.900
Medium,cap101,P1,SPEA2,1,75000.000,822530.637
Medium,cap101,P1,SPEA2,1,45000.000,973921.062
Medium,cap101,P1,SPEA2,1,82500.000,817561.762
Medium,cap101,P1,SPEA2,1,120000.000,765712.225
Medium,cap101,P1,SPEA2,1,30000.000,1117893.613
Medium,cap101,P1,SPEA2,1,22500.000,1242299.450
Medium,cap101,P1,NSGA-II,2,135000.000,780144.963
Medium,cap101,P1,NSGA-II,2,22500.000,1339373.825
Medium,cap101,P1,NSGA-II,2,30000.000,1142166.712
Medium,cap101,P1,NSGA-II,2,45000.000,986969.350
Medium,cap101,P1,NSGA-II,2,37500.000,1079550.438
Medium,cap101,P1,NSGA-II,2,67500.000,926682.525
Medium,cap101,P1,NSGA-II,2,90000.000,852048.137
Medium,cap101,P1,NSGA-II,2,60000.000,929175.662
Medium,cap101,P1,NSGA-II,2,52500.000,973247.662
Medium,cap101,P1,NSGA-II,2,75000.000,883198.475
Medium,cap101,P1,NSGA-II,2,97500.000,830792.425
Medium,cap101,P1,NSGA-II,2,105000.000,810658.987
Medium,cap101,P1,NSGA-II,2,82500.000,863442.862
Medium,cap101,P1,NSGA-II,2,112500.000,793989.287
Medium,cap101,P1,NSGA-II,2,120000.000,785862.550
Medium,cap101,P1,NSGA-II,2,127500.000,781049.275
Medium,cap101,P1,SPEA2,2,67500.000,869704.300
Medium,cap101,P1,SPEA2,2,97500.000,789197.425
Medium,cap101,P1,SPEA2,2,22500.000,1342775.238
Medium,cap101,P1,SPEA2,2,75000.000,853059.050
Medium,cap101,P1,SPEA2,2,105000.000,778934.637
Medium,cap101,P1,SPEA2,2,82500.000,825296.750
Medium,cap101,P1,SPEA2,2,60000.000,893983.250
Medium,cap101,P1,SPEA2,2,52500.000,951913.637
Medium,cap101,P1,SPEA2,2,120000.000,770463.325
Medium,cap101,P1,SPEA2,2,30000.000,1109723.250
Medium,cap101,P1,SPEA2,2,135000.000,762404.237
Medium,cap101,P1,SPEA2,2,90000.000,801017.800
Medium,cap101,P1,SPEA2,2,37500.000,1074303.525
Medium,cap101,P1,SPEA2,2,45000.000,1047911.750
Medium,cap101,P1,NSGA-II,3,127500.000,762444.387
Medium,cap101,P1,NSGA-II,3,22500.000,1203501.212
Medium,cap101,P1,NSGA-II,3,30000.000,1079450.012
Medium,cap101,P1,NSGA-II,3,52500.000,942148.338
Medium,cap101,P1,NSGA-II,3,45000.000,1010190.700
Medium,cap101,P1,NSGA-II,3,37500.000,1077241.062
Medium,cap101,P1,NSGA-II,3,60000.000,895019.537
Medium,cap101,P1,NSGA-II,3,67500.000,865175.912
Medium,cap101,P1,NSGA-II,3,75000.000,842096.562
Medium,cap101,P1,NSGA-II,3,90000.000,815104.312
Medium,cap101,P1,NSGA-II,3,82500.000,831477.113
Medium,cap101,P1,NSGA-II,3,105000.000,788801.800
Medium,cap101,P1,NSGA-II,3,97500.000,802627.500
Medium,cap101,P1,NSGA-II,3,112500.000,776324.988
Medium,cap101,P1,NSGA-II,3,120000.000,766323.988
Medium,cap101,P1,SPEA2,3,52500.000,1004303.400
Medium,cap101,P1,SPEA2,3,75000.000,884074.338
Medium,cap101,P1,SPEA2,3,60000.000,955101.600
Medium,cap101,P1,SPEA2,3,82500.000,856288.887
Medium,cap101,P1,SPEA2,3,22500.000,1284531.300
Medium,cap101,P1,SPEA2,3,97500.000,818468.700
Medium,cap101,P1,SPEA2,3,112500.000,795222.537
Medium,cap101,P1,SPEA2,3,90000.000,840382.950
Medium,cap101,P1,SPEA2,3,67500.000,918138.312
Medium,cap101,P1,SPEA2,3,37500.000,1068648.500
Medium,cap101,P1,SPEA2,3,120000.000,771828.863
Medium,cap101,P1,SPEA2,3,45000.000,1042627.200
Medium,cap101,P1,SPEA2,3,30000.000,1087475.913
Medium,cap101,P1,SPEA2,3,105000.000,809411.950
Medium,cap101,P1,NSGA-II,4,142500.000,750258.363
Medium,cap101,P1,NSGA-II,4,22500.000,1237917.837
Medium,cap101,P1,NSGA-II,4,30000.000,1113191.050
Medium,cap101,P1,NSGA-II,4,105000.000,797306.637
Medium,cap101,P1,NSGA-II,4,37500.000,1043488.713
Medium,cap101,P1,NSGA-II,4,75000.000,831827.912
Medium,cap101,P1,NSGA-II,4,45000.000,979592.200
Medium,cap101,P1,NSGA-II,4,52500.000,929171.037
Medium,cap101,P1,NSGA-II,4,90000.000,812828.438
Medium,cap101,P1,NSGA-II,4,112500.000,760967.613
Medium,cap101,P1,NSGA-II,4,67500.000,858604.037
Medium,cap101,P1,NSGA-II,4,60000.000,894923.975
Medium,cap101,P1,NSGA-II,4,82500.000,824511.400
Medium,cap101,P1,NSGA-II,4,97500.000,808251.375
Medium,cap101,P1,NSGA-II,4,127500.000,752606.150
Medium,cap101,P1,NSGA-II,4,120000.000,760656.088
Medium,cap101,P1,NSGA-II,4,135000.000,750365.312
Medium,cap101,P1,SPEA2,4,30000.000,1030651.463
Medium,cap101,P1,SPEA2,4,52500.000,969740.150
Medium,cap101,P1,SPEA2,4,45000.000,979718.075
Medium,cap101,P1,SPEA2,4,22500.000,1209178.025
Medium,cap101,P1,SPEA2,4,82500.000,859678.012
Medium,cap101,P1,SPEA2,4,37500.000,1006447.537
Medium,cap101,P1,SPEA2,4,120000.000,820479.637
Medium,cap101,P1,SPEA2,4,105000.000,835499.137
Medium,cap101,P1,SPEA2,4,60000.000,909754.387
Medium,cap101,P1,SPEA2,4,112500.000,821187.675
Medium,cap101,P1,SPEA2,4,90000.000,843894.150
Medium,cap101,P1,SPEA2,4,97500.000,841424.137
Medium,cap101,P1,SPEA2,4,75000.000,882593.312
Medium,cap101,P1,SPEA2,4,67500.000,884739.225
Medium,cap101,P1,NSGA-II,5,127500.000,748614.800
Medium,cap101,P1,NSGA-II,5,22500.000,1326058.850
Medium,cap101,P1,NSGA-II,5,30000.000,1190421.550
Medium,cap101,P1,NSGA-II,5,45000.000,1036495.438
Medium,cap101,P1,NSGA-II,5,37500.000,1136578.738
Medium,cap101,P1,NSGA-II,5,52500.000,966070.775
Medium,cap101,P1,NSGA-II,5,67500.000,890138.863
Medium,cap101,P1,NSGA-II,5,60000.000,951432.863
Medium,cap101,P1,NSGA-II,5,105000.000,801808.887
Medium,cap101,P1,NSGA-II,5,97500.000,845831.075
Medium,cap101,P1,NSGA-II,5,120000.000,761187.975
Medium,cap101,P1,NSGA-II,5,112500.000,789294.988
Medium,cap101,P1,NSGA-II,5,75000.000,863090.912
Medium,cap101,P1,NSGA-II,5,82500.000,853908.488
Medium,cap101,P1,NSGA-II,5,90000.000,847445.250
Medium,cap101,P1,SPEA2,5,67500.000,861742.463
Medium,cap101,P1,SPEA2,5,37500.000,977301.037
Medium,cap101,P1,SPEA2,5,22500.000,1207297.413
Medium,cap101,P1,SPEA2,5,120000.000,774677.900
Medium,cap101,P1,SPEA2,5,60000.000,885847.762
Medium,cap101,P1,SPEA2,5,52500.000,938829.637
Medium,cap101,P1,SPEA2,5,30000.000,1147460.812
Medium,cap101,P1,SPEA2,5,75000.000,838279.988
Medium,cap101,P1,SPEA2,5,45000.000,953010.125
Medium,cap101,P1,SPEA2,5,97500.000,792318.738
Medium,cap101,P1,SPEA2,5,105000.000,789771.812
Medium,cap101,P1,SPEA2,5,82500.000,817940.912
Medium,cap101,P1,SPEA2,5,90000.000,809263.000
Medium,cap101,P1,SPEA2,5,112500.000,775001.100
Medium,cap101,P1,NSGA-II,6,127500.000,770068.338
Medium,cap101,P1,NSGA-II,6,22500.000,1195732.363
Medium,cap101,P1,NSGA-II,6,30000.000,1071681.163
Medium,cap101,P1,NSGA-II,6,45000.000,949740.312
Medium,cap101,P1,NSGA-II,6,37500.000,1059042.663
Medium,cap101,P1,NSGA-II,6,82500.000,862661.300
Medium,cap101,P1,NSGA-II,6,90000.000,853804.100
Medium,cap101,P1,NSGA-II,6,75000.000,891890.825
Medium,cap101,P1,NSGA-II,6,60000.000,901315.925
Medium,cap101,P1,NSGA-II,6,112500.000,784706.537
Medium,cap101,P1,NSGA-II,6,105000.000,800695.100
Medium,cap101,P1,NSGA-II,6,97500.000,827550.700
Medium,cap101,P1,NSGA-II,6,52500.000,923724.238
Medium,cap101,P1,SPEA2,6,97500.000,783766.312
Medium,cap101,P1,SPEA2,6,30000.000,1052545.613
Medium,cap101,P1,SPEA2,6,60000.000,908668.075
Medium,cap101,P1,SPEA2,6,90000.000,821971.450
Medium,cap101,P1,SPEA2,6,22500.000,1163675.100
Medium,cap101,P1,SPEA2,6,112500.000,768398.725
Medium,cap101,P1,SPEA2,6,67500.000,882027.088
Medium,cap101,P1,SPEA2,6,52500.000,912563.500
Medium,cap101,P1,SPEA2,6,45000.000,954917.900
Medium,cap101,P1,SPEA2,6,37500.000,1014403.650
Medium,cap101,P1,SPEA2,6,75000.000,879231.725
Medium,cap101,P1,SPEA2,6,82500.000,851787.037
Medium,cap101,P1,SPEA2,6,120000.000,767871.475
Medium,cap101,P1,NSGA-II,7,127500.000,744339.463
Medium,cap101,P1,NSGA-II,7,22500.000,1301165.812
Medium,cap101,P1,NSGA-II,7,30000.000,1115539.837
Medium,cap101,P1,NSGA-II,7,37500.000,991485.925
Medium,cap101,P1,NSGA-II,7,75000.000,842425.088
Medium,cap101,P1,NSGA-II,7,67500.000,907870.512
Medium,cap101,P1,NSGA-II,7,52500.000,929197.012
Medium,cap101,P1,NSGA-II,7,45000.000,961619.787
Medium,cap101,P1,NSGA-II,7,90000.000,803962.875
Medium,cap101,P1,NSGA-II,7,82500.000,835061.588
Medium,cap101,P1,NSGA-II,7,105000.000,764013.887
Medium,cap101,P1,NSGA-II,7,97500.000,784570.438
Medium,cap101,P1,NSGA-II,7,60000.000,912784.512
Medium,cap101,P1,NSGA-II,7,112500.000,755156.688
Medium,cap101,P1,NSGA-II,7,120000.000,750242.688
Medium,cap101,P1,SPEA2,7,105000.000,764886.825
Medium,cap101,P1,SPEA2,7,75000.000,857194.925
Medium,cap101,P1,SPEA2,7,90000.000,837478.287
Medium,cap101,P1,SPEA2,7,67500.000,872744.287
Medium,cap101,P1,SPEA2,7,112500.000,762537.825
Medium,cap101,P1,SPEA2,7,60000.000,877972.000
Medium,cap101,P1,SPEA2,7,52500.000,901613.975
Medium,cap101,P1,SPEA2,7,82500.000,843987.725
Medium,cap101,P1,SPEA2,7,37500.000,1058689.625
Medium,cap101,P1,SPEA2,7,45000.000,922979.438
Medium,cap101,P1,SPEA2,7,120000.000,760796.338
Medium,cap101,P1,SPEA2,7,97500.000,791229.850
Medium,cap101,P1,SPEA2,7,127500.000,760192.550
Medium,cap101,P1,SPEA2,7,30000.000,1106740.000
Medium,cap101,P1,SPEA2,7,22500.000,1241242.562
Medium,cap101,P1,NSGA-II,8,127500.000,776084.012
Medium,cap101,P1,NSGA-II,8,22500.000,1231792.887
Medium,cap101,P1,NSGA-II,8,30000.000,1105062.087
Medium,cap101,P1,NSGA-II,8,82500.000,840004.812
Medium,cap101,P1,NSGA-II,8,67500.000,889556.988
Medium,cap101,P1,NSGA-II,8,37500.000,1035841.912
Medium,cap101,P1,NSGA-II,8,45000.000,978839.175
Medium,cap101,P1,NSGA-II,8,52500.000,929570.950
Medium,cap101,P1,NSGA-II,8,97500.000,821677.575
Medium,cap101,P1,NSGA-II,8,60000.000,922378.625
Medium,cap101,P1,NSGA-II,8,75000.000,867098.463
Medium,cap101,P1,NSGA-II,8,105000.000,805940.213
Medium,cap101,P1,NSGA-II,8,112500.000,791414.213
Medium,cap101,P1,NSGA-II,8,120000.000,781269.988
Medium,cap101,P1,SPEA2,8,112500.000,781835.512
Medium,cap101,P1,SPEA2,8,120000.000,769454.175
Medium,cap101,P1,SPEA2,8,75000.000,866493.637
Medium,cap101,P1,SPEA2,8,30000.000,1100224.962
Medium,cap101,P1,SPEA2,8,37500.000,1087623.262
Medium,cap101,P1,SPEA2,8,52500.000,937751.100
Medium,cap101,P1,SPEA2,8,97500.000,803162.012
Medium,cap101,P1,SPEA2,8,67500.000,893649.900
Medium,cap101,P1,SPEA2,8,45000.000,978810.700
Medium,cap101,P1,SPEA2,8,82500.000,852526.375
Medium,cap101,P1,SPEA2,8,60000.000,908175.900
Medium,cap101,P1,SPEA2,8,90000.000,838114.700
Medium,cap101,P1,SPEA2,8,22500.000,1228358.438
Medium,cap101,P1,SPEA2,8,105000.000,787173.450
Medium,cap101,P1,NSGA-II,9,120000.000,760057.463
Medium,cap101,P1,NSGA-II,9,22500.000,1234033.975
Medium,cap101,P1,NSGA-II,9,30000.000,1077710.163
Medium,cap101,P1,NSGA-II,9,37500.000,953110.562
Medium,cap101,P1,NSGA-II,9,52500.000,884986.450
Medium,cap101,P1,NSGA-II,9,45000.000,904382.312
Medium,cap101,P1,NSGA-II,9,67500.000,843704.225
Medium,cap101,P1,NSGA-II,9,60000.000,871465.075
Medium,cap101,P1,NSGA-II,9,105000.000,766634.450
Medium,cap101,P1,NSGA-II,9,97500.000,785458.825
Medium,cap101,P1,NSGA-II,9,82500.000,810557.162
Medium,cap101,P1,NSGA-II,9,75000.000,829178.225
Medium,cap101,P1,NSGA-II,9,90000.000,796031.162
Medium,cap101,P1,NSGA-II,9,112500.000,760577.262
Medium,cap101,P1,SPEA2,9,97500.000,846608.762
Medium,cap101,P1,SPEA2,9,127500.000,822057.238
Medium,cap101,P1,SPEA2,9,105000.000,846604.113
Medium,cap101,P1,SPEA2,9,60000.000,908082.250
Medium,cap101,P1,SPEA2,9,75000.000,871270.738
Medium,cap101,P1,SPEA2,9,30000.000,1137458.438
Medium,cap101,P1,SPEA2,9,22500.000,1278162.637
Medium,cap101,P1,SPEA2,9,112500.000,830324.575
Medium,cap101,P1,SPEA2,9,37500.000,1012858.838
Medium,cap101,P1,SPEA2,9,45000.000,965168.875
Medium,cap101,P1,SPEA2,9,67500.000,901057.900
Medium,cap101,P1,SPEA2,9,90000.000,863752.125
Medium,cap101,P1,SPEA2,9,82500.000,870031.713
Medium,cap101,P1,SPEA2,9,52500.000,916353.500
Medium,cap101,P1,NSGA-II,10,120000.000,755713.363
Medium,cap101,P1,NSGA-II,10,22500.000,1270584.262
Medium,cap101,P1,NSGA-II,10,30000.000,1127073.425
Medium,cap101,P1,NSGA-II,10,60000.000,900143.825
Medium,cap101,P1,NSGA-II,10,52500.000,988003.875
Medium,cap101,P1,NSGA-II,10,45000.000,1074246.650
Medium,cap101,P1,NSGA-II,10,37500.000,1119962.850
Medium,cap101,P1,NSGA-II,10,82500.000,831493.488
Medium,cap101,P1,NSGA-II,10,75000.000,863091.188
Medium,cap101,P1,NSGA-II,10,105000.000,774222.425
Medium,cap101,P1,NSGA-II,10,97500.000,801750.975
Medium,cap101,P1,NSGA-II,10,90000.000,823499.500
Medium,cap101,P1,NSGA-II,10,67500.000,880581.325
Medium,cap101,P1,NSGA-II,10,112500.000,762402.050
Medium,cap101,P1,SPEA2,10,52500.000,956495.088
Medium,cap101,P1,SPEA2,10,75000.000,883408.550
Medium,cap101,P1,SPEA2,10,45000.000,963758.562
Medium,cap101,P1,SPEA2,10,37500.000,986784.875
Medium,cap101,P1,SPEA2,10,90000.000,830456.150
Medium,cap101,P1,SPEA2,10,22500.000,1181049.950
Medium,cap101,P1,SPEA2,10,97500.000,823041.838
Medium,cap101,P1,SPEA2,10,67500.000,887883.850
Medium,cap101,P1,SPEA2,10,30000.000,1056998.750
Medium,cap101,P1,SPEA2,10,82500.000,850285.513
Medium,cap101,P1,SPEA2,10,112500.000,814925.650
Medium,cap101,P1,SPEA2,10,60000.000,942834.950
Medium,cap101,P1,SPEA2,10,105000.000,818203.763
Medium,cap101,P1,SPEA2,10,120000.000,813299.500
Medium,cap101,P2,NSGA-II,1,120000.000,735837.700
Medium,cap101,P2,NSGA-II,1,112500.000,741056.450
Medium,cap101,P2,NSGA-II,1,105000.000,743494.037
Medium,cap101,P2,NSGA-II,1,97500.000,752035.037
Medium,cap101,P2,NSGA-II,1,90000.000,759215.162
Medium,cap101,P2,NSGA-II,1,82500.000,770630.850
Medium,cap101,P2,NSGA-II,1,75000.000,804828.075
Medium,cap101,P2,NSGA-II,1,67500.000,829074.463
Medium,cap101,P2,NSGA-II,1,60000.000,839337.250
Medium,cap101,P2,NSGA-II,1,52500.000,863083.613
Medium,cap101,P2,NSGA-II,1,45000.000,905055.938
Medium,cap101,P2,NSGA-II,1,37500.000,1013799.512
Medium,cap101,P2,NSGA-II,1,30000.000,1060928.312
Medium,cap101,P2,NSGA-II,1,22500.000,1182627.988
Medium,cap101,P2,SPEA2,1,120000.000,732200.550
Medium,cap101,P2,SPEA2,1,135000.000,720587.512
Medium,cap101,P2,SPEA2,1,37500.000,1016020.738
Medium,cap101,P2,SPEA2,1,52500.000,872436.312
Medium,cap101,P2,SPEA2,1,90000.000,776900.225
Medium,cap101,P2,SPEA2,1,60000.000,857078.637
Medium,cap101,P2,SPEA2,1,67500.000,831559.275
Medium,cap101,P2,SPEA2,1,97500.000,762598.950
Medium,cap101,P2,SPEA2,1,127500.000,723824.125
Medium,cap101,P2,SPEA2,1,75000.000,810788.600
Medium,cap101,P2,SPEA2,1,82500.000,794886.625
Medium,cap101,P2,SPEA2,1,45000.000,928520.825
Medium,cap101,P2,SPEA2,1,105000.000,762374.200
Medium,cap101,P2,SPEA2,1,112500.000,751436.575
Medium,cap101,P2,SPEA2,1,30000.000,1070614.488
Medium,cap101,P2,SPEA2,1,22500.000,1199798.087
Medium,cap101,P2,NSGA-II,2,120000.000,740592.387
Medium,cap101,P2,NSGA-II,2,112500.000,743083.475
Medium,cap101,P2,NSGA-II,2,105000.000,753996.738
Medium,cap101,P2,NSGA-II,2,97500.000,774660.375
Medium,cap101,P2,NSGA-II,2,90000.000,815373.700
Medium,cap101,P2,NSGA-II,2,82500.000,844433.250
Medium,cap101,P2,NSGA-II,2,75000.000,864350.250
Medium,cap101,P2,NSGA-II,2,67500.000,876293.525
Medium,cap101,P2,NSGA-II,2,52500.000,881292.275
Medium,cap101,P2,NSGA-II,2,45000.000,973159.500
Medium,cap101,P2,NSGA-II,2,37500.000,989248.162
Medium,cap101,P2,NSGA-II,2,30000.000,1122925.175
Medium,cap101,P2,NSGA-II,2,22500.000,1175162.962
Medium,cap101,P2,SPEA2,2,45000.000,967870.000
Medium,cap101,P2,SPEA2,2,22500.000,1192793.575
Medium,cap101,P2,SPEA2,2,97500.000,809730.438
Medium,cap101,P2,SPEA2,2,90000.000,853315.150
Medium,cap101,P2,SPEA2,2,67500.000,916794.100
Medium,cap101,P2,SPEA2,2,30000.000,1028132.825
Medium,cap101,P2,SPEA2,2,105000.000,797910.062
Medium,cap101,P2,SPEA2,2,82500.000,889946.312
Medium,cap101,P2,SPEA2,2,37500.000,992404.713
Medium,cap101,P2,SPEA2,2,60000.000,948175.775
Medium,cap101,P2,SPEA2,2,120000.000,787733.525
Medium,cap101,P2,SPEA2,2,112500.000,796830.250
Medium,cap101,P2,SPEA2,2,127500.000,775913.150
Medium,cap101,P2,SPEA2,2,52500.000,959550.100
Medium,cap101,P2,SPEA2,2,75000.000,894860.312
Medium,cap101,P2,SPEA2,2,142500.000,766134.425
Medium,cap101,P2,SPEA2,2,135000.000,770963.150
Medium,cap101,P2,NSGA-II,3,112500.000,784158.787
Medium,cap101,P2,NSGA-II,3,97500.000,785502.475
Medium,cap101,P2,NSGA-II,3,90000.000,788248.300
Medium,cap101,P2,NSGA-II,3,82500.000,807179.387
Medium,cap101,P2,NSGA-II,3,75000.000,853999.000
Medium,cap101,P2,NSGA-II,3,67500.000,888743.812
Medium,cap101,P2,NSGA-II,3,60000.000,924953.300
Medium,cap101,P2,NSGA-II,3,52500.000,950175.012
Medium,cap101,P2,NSGA-II,3,45000.000,983940.188
Medium,cap101,P2,NSGA-II,3,37500.000,1051149.125
Medium,cap101,P2,NSGA-II,3,30000.000,1184956.962
Medium,cap101,P2,NSGA-II,3,22500.000,1247647.875
Medium,cap101,P2,SPEA2,3,37500.000,974224.613
Medium,cap101,P2,SPEA2,3,67500.000,839204.863
Medium,cap101,P2,SPEA2,3,60000.000,874610.387
Medium,cap101,P2,SPEA2,3,112500.000,757174.850
Medium,cap101,P2,SPEA2,3,97500.000,773125.338
Medium,cap101,P2,SPEA2,3,52500.000,947106.037
Medium,cap101,P2,SPEA2,3,22500.000,1173988.000
Medium,cap101,P2,SPEA2,3,82500.000,805243.475
Medium,cap101,P2,SPEA2,3,105000.000,761826.175
Medium,cap101,P2,SPEA2,3,90000.000,788841.287
Medium,cap101,P2,SPEA2,3,45000.000,950188.550
Medium,cap101,P2,SPEA2,3,30000.000,1042266.975
Medium,cap101,P2,SPEA2,3,75000.000,825550.200
Medium,cap101,P2,NSGA-II,4,127500.000,740532.625
Medium,cap101,P2,NSGA-II,4,120000.000,751187.050
Medium,cap101,P2,NSGA-II,4,112500.000,789022.450
Medium,cap101,P2,NSGA-II,4,105000.000,800503.963
Medium,cap101,P2,NSGA-II,4,97500.000,812046.137
Medium,cap101,P2,NSGA-II,4,90000.000,814954.113
Medium,cap101,P2,NSGA-II,4,82500.000,843018.512
Medium,cap101,P2,NSGA-II,4,75000.000,852497.625
Medium,cap101,P2,NSGA-II,4,67500.000,898719.763
Medium,cap101,P2,NSGA-II,4,60000.000,905252.700
Medium,cap101,P2,NSGA-II,4,52500.000,923739.500
Medium,cap101,P2,NSGA-II,4,45000.000,978204.250
Medium,cap101,P2,NSGA-II,4,37500.000,1023195.650
Medium,cap101,P2,NSGA-II,4,30000.000,1076636.575
Medium,cap101,P2,NSGA-II,4,22500.000,1204136.837
Medium,cap101,P2,SPEA2,4,45000.000,991891.525
Medium,cap101,P2,SPEA2,4,105000.000,772847.162
Medium,cap101,P2,SPEA2,4,67500.000,846497.525
Medium,cap101,P2,SPEA2,4,37500.000,1024509.012
Medium,cap101,P2,SPEA2,4,90000.000,794078.325
Medium,cap101,P2,SPEA2,4,52500.000,892319.363
Medium,cap101,P2,SPEA2,4,60000.000,876059.675
Medium,cap101,P2,SPEA2,4,112500.000,749356.838
Medium,cap101,P2,SPEA2,4,82500.000,823500.787
Medium,cap101,P2,SPEA2,4,127500.000,723248.637
Medium,cap101,P2,SPEA2,4,120000.000,733063.775
Medium,cap101,P2,SPEA2,4,75000.000,837653.463
Medium,cap101,P2,SPEA2,4,30000.000,1083958.325
Medium,cap101,P2,SPEA2,4,97500.000,785234.262
Medium,cap101,P2,SPEA2,4,135000.000,722937.113
Medium,cap101,P2,SPEA2,4,22500.000,1208009.525
Medium,cap101,P2,NSGA-II,5,105000.000,761975.425
Medium,cap101,P2,NSGA-II,5,97500.000,770025.363
Medium,cap101,P2,NSGA-II,5,90000.000,779554.600
Medium,cap101,P2,NSGA-II,5,82500.000,793179.238
Medium,cap101,P2,NSGA-II,5,75000.000,818776.300
Medium,cap101,P2,NSGA-II,5,67500.000,919729.488
Medium,cap101,P2,NSGA-II,5,60000.000,941316.938
Medium,cap101,P2,NSGA-II,5,52500.000,949337.412
Medium,cap101,P2,NSGA-II,5,45000.000,1023422.275
Medium,cap101,P2,NSGA-II,5,37500.000,1058486.113
Medium,cap101,P2,NSGA-II,5,30000.000,1073370.425
Medium,cap101,P2,NSGA-II,5,22500.000,1243698.025
Medium,cap101,P2,SPEA2,5,52500.000,963742.400
Medium,cap101,P2,SPEA2,5,30000.000,1113934.125
Medium,cap101,P2,SPEA2,5,75000.000,836909.850
Medium,cap101,P2,SPEA2,5,22500.000,1258436.850
Medium,cap101,P2,SPEA2,5,90000.000,782940.713
Medium,cap101,P2,SPEA2,5,105000.000,756969.950
Medium,cap101,P2,SPEA2,5,60000.000,917203.662
Medium,cap101,P2,SPEA2,5,97500.000,768828.738
Medium,cap101,P2,SPEA2,5,112500.000,745218.438
Medium,cap101,P2,SPEA2,5,67500.000,895008.725
Medium,cap101,P2,SPEA2,5,45000.000,985500.000
Medium,cap101,P2,SPEA2,5,82500.000,825729.350
Medium,cap101,P2,SPEA2,5,120000.000,741598.750
Medium,cap101,P2,SPEA2,5,37500.000,1069200.975
Medium,cap101,P2,NSGA-II,6,127500.000,737366.775
Medium,cap101,P2,NSGA-II,6,120000.000,738932.700
Medium,cap101,P2,NSGA-II,6,112500.000,747789.900
Medium,cap101,P2,NSGA-II,6,105000.000,756090.350
Medium,cap101,P2,NSGA-II,6,97500.000,768246.525
Medium,cap101,P2,NSGA-II,6,90000.000,783039.213
Medium,cap101,P2,NSGA-II,6,82500.000,806843.250
Medium,cap101,P2,NSGA-II,6,75000.000,821132.237
Medium,cap101,P2,NSGA-II,6,67500.000,886236.350
Medium,cap101,P2,NSGA-II,6,60000.000,901362.625
Medium,cap101,P2,NSGA-II,6,52500.000,945498.250
Medium,cap101,P2,NSGA-II,6,45000.000,974711.675
Medium,cap101,P2,NSGA-II,6,37500.000,998028.100
Medium,cap101,P2,NSGA-II,6,30000.000,1127091.025
Medium,cap101,P2,NSGA-II,6,22500.000,1187626.038
Medium,cap101,P2,SPEA2,6,90000.000,792361.200
Medium,cap101,P2,SPEA2,6,75000.000,838870.925
Medium,cap101,P2,SPEA2,6,82500.000,795369.450
Medium,cap101,P2,SPEA2,6,67500.000,855412.862
Medium,cap101,P2,SPEA2,6,45000.000,932648.525
Medium,cap101,P2,SPEA2,6,97500.000,774266.000
Medium,cap101,P2,SPEA2,6,52500.000,927605.525
Medium,cap101,P2,SPEA2,6,60000.000,884849.000
Medium,cap101,P2,SPEA2,6,30000.000,1012246.562
Medium,cap101,P2,SPEA2,6,37500.000,968434.412
Medium,cap101,P2,SPEA2,6,22500.000,1197437.312
Medium,cap101,P2,SPEA2,6,105000.000,764709.150
Medium,cap101,P2,NSGA-II,7,127500.000,744129.675
Medium,cap101,P2,NSGA-II,7,120000.000,761861.275
Medium,cap101,P2,NSGA-II,7,112500.000,766521.463
Medium,cap101,P2,NSGA-II,7,105000.000,776591.387
Medium,cap101,P2,NSGA-II,7,97500.000,788158.625
Medium,cap101,P2,NSGA-II,7,90000.000,809956.575
Medium,cap101,P2,NSGA-II,7,82500.000,817636.000
Medium,cap101,P2,NSGA-II,7,75000.000,824355.688
Medium,cap101,P2,NSGA-II,7,67500.000,836403.912
Medium,cap101,P2,NSGA-II,7,60000.000,852062.925
Medium,cap101,P2,NSGA-II,7,52500.000,862161.775
Medium,cap101,P2,NSGA-II,7,45000.000,875042.000
Medium,cap101,P2,NSGA-II,7,37500.000,877507.012
Medium,cap101,P2,NSGA-II,7,30000.000,1003886.188
Medium,cap101,P2,NSGA-II,7,22500.000,1204900.788
Medium,cap101,P2,SPEA2,7,120000.000,765687.350
Medium,cap101,P2,SPEA2,7,22500.000,1187636.962
Medium,cap101,P2,SPEA2,7,67500.000,854518.050
Medium,cap101,P2,SPEA2,7,60000.000,876632.675
Medium,cap101,P2,SPEA2,7,90000.000,802193.550
Medium,cap101,P2,SPEA2,7,75000.000,840430.075
Medium,cap101,P2,SPEA2,7,112500.000,767367.350
Medium,cap101,P2,SPEA2,7,52500.000,897160.988
Medium,cap101,P2,SPEA2,7,105000.000,769253.488
Medium,cap101,P2,SPEA2,7,82500.000,817839.262
Medium,cap101,P2,SPEA2,7,37500.000,1018731.350
Medium,cap101,P2,SPEA2,7,97500.000,787143.812
Medium,cap101,P2,SPEA2,7,45000.000,1008097.412
Medium,cap101,P2,SPEA2,7,30000.000,1030230.713
Medium,cap101,P2,NSGA-II,8,120000.000,764765.225
Medium,cap101,P2,NSGA-II,8,22500.000,1233536.238
Medium,cap101,P2,NSGA-II,8,30000.000,1036981.062
Medium,cap101,P2,NSGA-II,8,52500.000,905008.475
Medium,cap101,P2,NSGA-II,8,75000.000,854801.850
Medium,cap101,P2,NSGA-II,8,45000.000,960781.887
Medium,cap101,P2,NSGA-II,8,37500.000,986573.088
Medium,cap101,P2,NSGA-II,8,67500.000,860943.963
Medium,cap101,P2,NSGA-II,8,60000.000,894095.213
Medium,cap101,P2,NSGA-II,8,82500.000,824783.900
Medium,cap101,P2,NSGA-II,8,90000.000,802582.963
Medium,cap101,P2,NSGA-II,8,97500.000,783736.925
Medium,cap101,P2,NSGA-II,8,105000.000,772918.100
Medium,cap101,P2,NSGA-II,8,112500.000,765612.900
Medium,cap101,P2,SPEA2,8,45000.000,1023850.863
Medium,cap101,P2,SPEA2,8,52500.000,931742.125
Medium,cap101,P2,SPEA2,8,90000.000,811077.012
Medium,cap101,P2,SPEA2,8,82500.000,857737.863
Medium,cap101,P2,SPEA2,8,22500.000,1244538.038
Medium,cap101,P2,SPEA2,8,120000.000,754965.562
Medium,cap101,P2,SPEA2,8,60000.000,911820.488
Medium,cap101,P2,SPEA2,8,75000.000,863827.838
Medium,cap101,P2,SPEA2,8,37500.000,1159531.800
Medium,cap101,P2,SPEA2,8,97500.000,789487.700
Medium,cap101,P2,SPEA2,8,67500.000,897591.150
Medium,cap101,P2,SPEA2,8,30000.000,1198241.975
Medium,cap101,P2,SPEA2,8,127500.000,742913.262
Medium,cap101,P2,SPEA2,8,105000.000,774622.412
Medium,cap101,P2,SPEA2,8,135000.000,736493.938
Medium,cap101,P2,SPEA2,8,112500.000,772511.787
Medium,cap101,P2,NSGA-II,9,127500.000,734236.512
Medium,cap101,P2,NSGA-II,9,120000.000,736732.863
Medium,cap101,P2,NSGA-II,9,112500.000,745880.912
Medium,cap101,P2,NSGA-II,9,105000.000,758974.762
Medium,cap101,P2,NSGA-II,9,97500.000,759204.838
Medium,cap101,P2,NSGA-II,9,90000.000,786350.588
Medium,cap101,P2,NSGA-II,9,82500.000,808041.225
Medium,cap101,P2,NSGA-II,9,75000.000,819693.750
Medium,cap101,P2,NSGA-II,9,67500.000,844428.275
Medium,cap101,P2,NSGA-II,9,60000.000,846864.938
Medium,cap101,P2,NSGA-II,9,52500.000,856488.325
Medium,cap101,P2,NSGA-II,9,45000.000,886739.075
Medium,cap101,P2,NSGA-II,9,37500.000,911893.588
Medium,cap101,P2,NSGA-II,9,30000.000,979935.950
Medium,cap101,P2,NSGA-II,9,22500.000,1120640.150
Medium,cap101,P2,SPEA2,9,97500.000,774184.250
Medium,cap101,P2,SPEA2,9,67500.000,830972.425
Medium,cap101,P2,SPEA2,9,135000.000,733298.975
Medium,cap101,P2,SPEA2,9,90000.000,786689.287
Medium,cap101,P2,SPEA2,9,37500.000,997759.050
Medium,cap101,P2,SPEA2,9,45000.000,929307.025
Medium,cap101,P2,SPEA2,9,105000.000,763097.700
Medium,cap101,P2,SPEA2,9,120000.000,746192.537
Medium,cap101,P2,SPEA2,9,30000.000,1121810.250
Medium,cap101,P2,SPEA2,9,82500.000,800623.750
Medium,cap101,P2,SPEA2,9,22500.000,1266021.350
Medium,cap101,P2,SPEA2,9,75000.000,819152.050
Medium,cap101,P2,SPEA2,9,127500.000,737445.175
Medium,cap101,P2,SPEA2,9,60000.000,851526.550
Medium,cap101,P2,SPEA2,9,52500.000,884209.312
Medium,cap101,P2,SPEA2,9,112500.000,754726.213
Medium,cap101,P2,NSGA-II,10,135000.000,736511.162
Medium,cap101,P2,NSGA-II,10,127500.000,740744.762
Medium,cap101,P2,NSGA-II,10,120000.000,758688.600
Medium,cap101,P2,NSGA-II,10,112500.000,773373.150
Medium,cap101,P2,NSGA-II,10,105000.000,778367.700
Medium,cap101,P2,NSGA-II,10,97500.000,797027.750
Medium,cap101,P2,NSGA-II,10,90000.000,810179.000
Medium,cap101,P2,NSGA-II,10,82500.000,821957.950
Medium,cap101,P2,NSGA-II,10,75000.000,832148.787
Medium,cap101,P2,NSGA-II,10,67500.000,833899.412
Medium,cap101,P2,NSGA-II,10,60000.000,868098.762
Medium,cap101,P2,NSGA-II,10,52500.000,876746.762
Medium,cap101,P2,NSGA-II,10,45000.000,944300.713
Medium,cap101,P2,NSGA-II,10,37500.000,1014272.775
Medium,cap101,P2,NSGA-II,10,30000.000,1032706.588
Medium,cap101,P2,NSGA-II,10,22500.000,1173410.788
Medium,cap101,P2,SPEA2,10,135000.000,756984.338
Medium,cap101,P2,SPEA2,10,120000.000,759846.975
Medium,cap101,P2,SPEA2,10,97500.000,780720.037
Medium,cap101,P2,SPEA2,10,75000.000,832985.225
Medium,cap101,P2,SPEA2,10,30000.000,1131443.775
Medium,cap101,P2,SPEA2,10,67500.000,843956.225
Medium,cap101,P2,SPEA2,10,90000.000,789577.238
Medium,cap101,P2,SPEA2,10,60000.000,892761.487
Medium,cap101,P2,SPEA2,10,52500.000,951027.325
Medium,cap101,P2,SPEA2,10,127500.000,757355.887
Medium,cap101,P2,SPEA2,10,105000.000,762692.725
Medium,cap101,P2,SPEA2,10,22500.000,1226010.762
Medium,cap101,P2,SPEA2,10,45000.000,958744.550
Medium,cap101,P2,SPEA2,10,82500.000,800198.900
Medium,cap101,P2,SPEA2,10,37500.000,985813.825
Medium,cap101,P3,NSGA-II,1,127500.000,737591.312
Medium,cap101,P3,NSGA-II,1,120000.000,745969.525
Medium,cap101,P3,NSGA-II,1,112500.000,747078.312
Medium,cap101,P3,NSGA-II,1,105000.000,758796.012
Medium,cap101,P3,NSGA-II,1,97500.000,768053.412
Medium,cap101,P3,NSGA-II,1,90000.000,793593.662
Medium,cap101,P3,NSGA-II,1,82500.000,800844.963
Medium,cap101,P3,NSGA-II,1,75000.000,814076.050
Medium,cap101,P3,NSGA-II,1,67500.000,838567.925
Medium,cap101,P3,NSGA-II,1,60000.000,856203.925
Medium,cap101,P3,NSGA-II,1,52500.000,884666.487
Medium,cap101,P3,NSGA-II,1,45000.000,901497.050
Medium,cap101,P3,NSGA-II,1,37500.000,978173.862
Medium,cap101,P3,NSGA-II,1,30000.000,1015816.737
Medium,cap101,P3,NSGA-II,1,22500.000,1168503.775
Medium,cap101,P3,SPEA2,1,75000.000,792220.425
Medium,cap101,P3,SPEA2,1,112500.000,745258.875
Medium,cap101,P3,SPEA2,1,105000.000,748977.625
Medium,cap101,P3,SPEA2,1,90000.000,767314.200
Medium,cap101,P3,SPEA2,1,97500.000,757075.875
Medium,cap101,P3,SPEA2,1,30000.000,983780.600
Medium,cap101,P3,SPEA2,1,82500.000,778737.300
Medium,cap101,P3,SPEA2,1,52500.000,906007.125
Medium,cap101,P3,SPEA2,1,67500.000,817712.637
Medium,cap101,P3,SPEA2,1,127500.000,735505.738
Medium,cap101,P3,SPEA2,1,120000.000,739776.975
Medium,cap101,P3,SPEA2,1,60000.000,875089.600
Medium,cap101,P3,SPEA2,1,37500.000,949390.325
Medium,cap101,P3,SPEA2,1,45000.000,915247.100
Medium,cap101,P3,SPEA2,1,22500.000,1155177.988
Medium,cap101,P3,NSGA-II,2,142500.000,722163.162
Medium,cap101,P3,NSGA-II,2,135000.000,724497.925
Medium,cap101,P3,NSGA-II,2,127500.000,739807.050
Medium,cap101,P3,NSGA-II,2,120000.000,742921.562
Medium,cap101,P3,NSGA-II,2,112500.000,752267.262
Medium,cap101,P3,NSGA-II,2,105000.000,767129.537
Medium,cap101,P3,NSGA-II,2,97500.000,772843.200
Medium,cap101,P3,NSGA-II,2,90000.000,788104.325
Medium,cap101,P3,NSGA-II,2,82500.000,811628.625
Medium,cap101,P3,NSGA-II,2,75000.000,850984.575
Medium,cap101,P3,NSGA-II,2,60000.000,855528.438
Medium,cap101,P3,NSGA-II,2,52500.000,949534.287
Medium,cap101,P3,NSGA-II,2,45000.000,952018.975
Medium,cap101,P3,NSGA-II,2,37500.000,971791.325
Medium,cap101,P3,NSGA-II,2,30000.000,984771.950
Medium,cap101,P3,NSGA-II,2,22500.000,1166424.100
Medium,cap101,P3,SPEA2,2,60000.000,930388.237
Medium,cap101,P3,SPEA2,2,75000.000,895670.863
Medium,cap101,P3,SPEA2,2,52500.000,951028.262
Medium,cap101,P3,SPEA2,2,82500.000,872134.425
Medium,cap101,P3,SPEA2,2,45000.000,1001198.438
Medium,cap101,P3,SPEA2,2,112500.000,764455.012
Medium,cap101,P3,SPEA2,2,30000.000,1062652.375
Medium,cap101,P3,SPEA2,2,37500.000,1016051.975
Medium,cap101,P3,SPEA2,2,67500.000,907046.113
Medium,cap101,P3,SPEA2,2,90000.000,861691.562
Medium,cap101,P3,SPEA2,2,135000.000,739361.650
Medium,cap101,P3,SPEA2,2,127500.000,752220.075
Medium,cap101,P3,SPEA2,2,120000.000,763927.588
Medium,cap101,P3,SPEA2,2,105000.000,773401.600
Medium,cap101,P3,SPEA2,2,142500.000,737881.588
Medium,cap101,P3,SPEA2,2,97500.000,789651.700
Medium,cap101,P3,SPEA2,2,22500.000,1188342.725
Medium,cap101,P3,NSGA-II,3,127500.000,750934.900
Medium,cap101,P3,NSGA-II,3,112500.000,755543.450
Medium,cap101,P3,NSGA-II,3,105000.000,764638.325
Medium,cap101,P3,NSGA-II,3,97500.000,781570.925
Medium,cap101,P3,NSGA-II,3,90000.000,798554.250
Medium,cap101,P3,NSGA-II,3,82500.000,818273.887
Medium,cap101,P3,NSGA-II,3,75000.000,842537.700
Medium,cap101,P3,NSGA-II,3,67500.000,865022.037
Medium,cap101,P3,NSGA-II,3,60000.000,878301.262
Medium,cap101,P3,NSGA-II,3,52500.000,894694.412
Medium,cap101,P3,NSGA-II,3,45000.000,903624.750
Medium,cap101,P3,NSGA-II,3,37500.000,973748.262
Medium,cap101,P3,NSGA-II,3,30000.000,1016493.125
Medium,cap101,P3,NSGA-II,3,22500.000,1215565.538
Medium,cap101,P3,SPEA2,3,82500.000,812522.175
Medium,cap101,P3,SPEA2,3,67500.000,863203.738
Medium,cap101,P3,SPEA2,3,97500.000,770746.463
Medium,cap101,P3,SPEA2,3,60000.000,880073.075
Medium,cap101,P3,SPEA2,3,112500.000,746710.075
Medium,cap101,P3,SPEA2,3,30000.000,1041925.450
Medium,cap101,P3,SPEA2,3,52500.000,899913.600
Medium,cap101,P3,SPEA2,3,45000.000,949857.588
Medium,cap101,P3,SPEA2,3,22500.000,1168879.163
Medium,cap101,P3,SPEA2,3,75000.000,861780.412
Medium,cap101,P3,SPEA2,3,90000.000,792886.600
Medium,cap101,P3,SPEA2,3,105000.000,755054.312
Medium,cap101,P3,SPEA2,3,120000.000,743686.600
Medium,cap101,P3,SPEA2,3,37500.000,971436.600
Medium,cap101,P3,NSGA-II,4,120000.000,735465.912
Medium,cap101,P3,NSGA-II,4,112500.000,738301.938
Medium,cap101,P3,NSGA-II,4,105000.000,745143.062
Medium,cap101,P3,NSGA-II,4,97500.000,748647.600
Medium,cap101,P3,NSGA-II,4,90000.000,766587.425
Medium,cap101,P3,NSGA-II,4,82500.000,769752.175
Medium,cap101,P3,NSGA-II,4,75000.000,809676.875
Medium,cap101,P3,NSGA-II,4,67500.000,811494.975
Medium,cap101,P3,NSGA-II,4,60000.000,833252.188
Medium,cap101,P3,NSGA-II,4,52500.000,864775.800
Medium,cap101,P3,NSGA-II,4,45000.000,887068.713
Medium,cap101,P3,NSGA-II,4,37500.000,909140.238
Medium,cap101,P3,NSGA-II,4,30000.000,963610.188
Medium,cap101,P3,NSGA-II,4,22500.000,1093817.387
Medium,cap101,P3,SPEA2,4,135000.000,733917.175
Medium,cap101,P3,SPEA2,4,37500.000,919679.125
Medium,cap101,P3,SPEA2,4,112500.000,746244.600
Medium,cap101,P3,SPEA2,4,120000.000,735960.825
Medium,cap101,P3,SPEA2,4,60000.000,856434.775
Medium,cap101,P3,SPEA2,4,22500.000,1112845.712
Medium,cap101,P3,SPEA2,4,75000.000,791694.488
Medium,cap101,P3,SPEA2,4,90000.000,769346.088
Medium,cap101,P3,SPEA2,4,127500.000,735643.250
Medium,cap101,P3,SPEA2,4,52500.000,877118.912
Medium,cap101,P3,SPEA2,4,30000.000,987721.488
Medium,cap101,P3,SPEA2,4,82500.000,771596.875
Medium,cap101,P3,SPEA2,4,67500.000,825551.463
Medium,cap101,P3,SPEA2,4,45000.000,898229.713
Medium,cap101,P3,SPEA2,4,105000.000,750137.900
Medium,cap101,P3,SPEA2,4,97500.000,760178.363
Medium,cap101,P3,NSGA-II,5,135000.000,742711.575
Medium,cap101,P3,NSGA-II,5,22500.000,1244650.137
Medium,cap101,P3,NSGA-II,5,30000.000,1079953.387
Medium,cap101,P3,NSGA-II,5,60000.000,942184.137
Medium,cap101,P3,NSGA-II,5,67500.000,899126.787
Medium,cap101,P3,NSGA-II,5,97500.000,790455.512
Medium,cap101,P3,NSGA-II,5,105000.000,768341.575
Medium,cap101,P3,NSGA-II,5,45000.000,1004470.550
Medium,cap101,P3,NSGA-II,5,37500.000,1046454.338
Medium,cap101,P3,NSGA-II,5,52500.000,983685.287
Medium,cap101,P3,NSGA-II,5,90000.000,801723.225
Medium,cap101,P3,NSGA-II,5,82500.000,841572.500
Medium,cap101,P3,NSGA-II,5,75000.000,861847.900
Medium,cap101,P3,NSGA-II,5,112500.000,757073.863
Medium,cap101,P3,NSGA-II,5,120000.000,748574.363
Medium,cap101,P3,NSGA-II,5,127500.000,745487.963
Medium,cap101,P3,SPEA2,5,45000.000,1072009.150
Medium,cap101,P3,SPEA2,5,75000.000,876835.713
Medium,cap101,P3,SPEA2,5,142500.000,729867.738
Medium,cap101,P3,SPEA2,5,127500.000,748662.200
Medium,cap101,P3,SPEA2,5,60000.000,947824.062
Medium,cap101,P3,SPEA2,5,52500.000,950554.425
Medium,cap101,P3,SPEA2,5,150000.000,717188.688
Medium,cap101,P3,SPEA2,5,135000.000,740815.613
Medium,cap101,P3,SPEA2,5,112500.000,760406.262
Medium,cap101,P3,SPEA2,5,120000.000,751205.350
Medium,cap101,P3,SPEA2,5,30000.000,1192593.525
Medium,cap101,P3,SPEA2,5,90000.000,796849.600
Medium,cap101,P3,SPEA2,5,97500.000,785712.850
Medium,cap101,P3,SPEA2,5,105000.000,773132.688
Medium,cap101,P3,SPEA2,5,22500.000,1253687.863
Medium,cap101,P3,SPEA2,5,37500.000,1118883.175
Medium,cap101,P3,SPEA2,5,82500.000,847673.363
Medium,cap101,P3,SPEA2,5,67500.000,893756.312
Medium,cap101,P3,NSGA-II,6,135000.000,728341.262
Medium,cap101,P3,NSGA-II,6,127500.000,728802.950
Medium,cap101,P3,NSGA-II,6,120000.000,741152.350
Medium,cap101,P3,NSGA-II,6,105000.000,756558.963
Medium,cap101,P3,NSGA-II,6,97500.000,759567.213
Medium,cap101,P3,NSGA-II,6,90000.000,787165.625
Medium,cap101,P3,NSGA-II,6,82500.000,790888.875
Medium,cap101,P3,NSGA-II,6,75000.000,835824.812
Medium,cap101,P3,NSGA-II,6,67500.000,872984.325
Medium,cap101,P3,NSGA-II,6,60000.000,912321.275
Medium,cap101,P3,NSGA-II,6,52500.000,933461.037
Medium,cap101,P3,NSGA-II,6,45000.000,939751.012
Medium,cap101,P3,NSGA-II,6,37500.000,976581.262
Medium,cap101,P3,NSGA-II,6,30000.000,997884.075
Medium,cap101,P3,NSGA-II,6,22500.000,1181535.925
Medium,cap101,P3,SPEA2,6,112500.000,756706.438
Medium,cap101,P3,SPEA2,6,97500.000,783109.625
Medium,cap101,P3,SPEA2,6,30000.000,1117441.475
Medium,cap101,P3,SPEA2,6,67500.000,883622.125
Medium,cap101,P3,SPEA2,6,127500.000,737557.300
Medium,cap101,P3,SPEA2,6,52500.000,916247.387
Medium,cap101,P3,SPEA2,6,60000.000,895890.287
Medium,cap101,P3,SPEA2,6,45000.000,971755.025
Medium,cap101,P3,SPEA2,6,90000.000,795606.488
Medium,cap101,P3,SPEA2,6,105000.000,762395.812
Medium,cap101,P3,SPEA2,6,120000.000,746471.312
Medium,cap101,P3,SPEA2,6,75000.000,874764.925
Medium,cap101,P3,SPEA2,6,82500.000,815764.662
Medium,cap101,P3,SPEA2,6,22500.000,1199910.275
Medium,cap101,P3,SPEA2,6,37500.000,1003759.925
Medium,cap101,P3,NSGA-II,7,142500.000,711502.037
Medium,cap101,P3,NSGA-II,7,127500.000,720133.338
Medium,cap101,P3,NSGA-II,7,120000.000,734169.713
Medium,cap101,P3,NSGA-II,7,112500.000,744998.000
Medium,cap101,P3,NSGA-II,7,105000.000,766220.688
Medium,cap101,P3,NSGA-II,7,97500.000,776493.588
Medium,cap101,P3,NSGA-II,7,90000.000,794337.150
Medium,cap101,P3,NSGA-II,7,82500.000,826198.213
Medium,cap101,P3,NSGA-II,7,75000.000,850154.025
Medium,cap101,P3,NSGA-II,7,67500.000,883542.575
Medium,cap101,P3,NSGA-II,7,60000.000,895818.225
Medium,cap101,P3,NSGA-II,7,52500.000,905642.600
Medium,cap101,P3,NSGA-II,7,45000.000,907437.125
Medium,cap101,P3,NSGA-II,7,37500.000,942515.262
Medium,cap101,P3,NSGA-II,7,30000.000,1051759.200
Medium,cap101,P3,NSGA-II,7,22500.000,1184189.212
Medium,cap101,P3,SPEA2,7,30000.000,1074576.913
Medium,cap101,P3,SPEA2,7,112500.000,773444.012
Medium,cap101,P3,SPEA2,7,127500.000,746201.838
Medium,cap101,P3,SPEA2,7,52500.000,896621.838
Medium,cap101,P3,SPEA2,7,67500.000,868014.238
Medium,cap101,P3,SPEA2,7,45000.000,929705.375
Medium,cap101,P3,SPEA2,7,75000.000,846399.812
Medium,cap101,P3,SPEA2,7,22500.000,1198628.113
Medium,cap101,P3,SPEA2,7,60000.000,869167.137
Medium,cap101,P3,SPEA2,7,120000.000,756054.075
Medium,cap101,P3,SPEA2,7,37500.000,975174.237
Medium,cap101,P3,SPEA2,7,90000.000,811440.200
Medium,cap101,P3,SPEA2,7,97500.000,808906.425
Medium,cap101,P3,SPEA2,7,82500.000,820113.537
Medium,cap101,P3,SPEA2,7,105000.000,789112.100
Medium,cap101,P3,NSGA-II,8,150000.000,720914.812
Medium,cap101,P3,NSGA-II,8,142500.000,722314.488
Medium,cap101,P3,NSGA-II,8,135000.000,727523.738
Medium,cap101,P3,NSGA-II,8,127500.000,738770.950
Medium,cap101,P3,NSGA-II,8,120000.000,739217.850
Medium,cap101,P3,NSGA-II,8,112500.000,748395.350
Medium,cap101,P3,NSGA-II,8,105000.000,771257.213
Medium,cap101,P3,NSGA-II,8,97500.000,776522.575
Medium,cap101,P3,NSGA-II,8,90000.000,794453.562
Medium,cap101,P3,NSGA-II,8,82500.000,837249.425
Medium,cap101,P3,NSGA-II,8,75000.000,866634.162
Medium,cap101,P3,NSGA-II,8,67500.000,900845.500
Medium,cap101,P3,NSGA-II,8,60000.000,979790.912
Medium,cap101,P3,NSGA-II,8,52500.000,989991.225
Medium,cap101,P3,NSGA-II,8,45000.000,993226.588
Medium,cap101,P3,NSGA-II,8,37500.000,1023380.412
Medium,cap101,P3,NSGA-II,8,30000.000,1043594.613
Medium,cap101,P3,NSGA-II,8,22500.000,1172949.325
Medium,cap101,P3,SPEA2,8,97500.000,801454.037
Medium,cap101,P3,SPEA2,8,150000.000,716722.588
Medium,cap101,P3,SPEA2,8,30000.000,1135938.062
Medium,cap101,P3,SPEA2,8,112500.000,760599.975
Medium,cap101,P3,SPEA2,8,37500.000,1103601.825
Medium,cap101,P3,SPEA2,8,105000.000,776507.600
Medium,cap101,P3,SPEA2,8,45000.000,1023676.225
Medium,cap101,P3,SPEA2,8,52500.000,950314.713
Medium,cap101,P3,SPEA2,8,60000.000,893052.037
Medium,cap101,P3,SPEA2,8,75000.000,836726.662
Medium,cap101,P3,SPEA2,8,82500.000,814617.037
Medium,cap101,P3,SPEA2,8,135000.000,717360.625
Medium,cap101,P3,SPEA2,8,120000.000,739976.875
Medium,cap101,P3,SPEA2,8,67500.000,875606.638
Medium,cap101,P3,SPEA2,8,22500.000,1213824.863
Medium,cap101,P3,SPEA2,8,142500.000,716893.012
Medium,cap101,P3,SPEA2,8,127500.000,724306.088
Medium,cap101,P3,NSGA-II,9,120000.000,754644.938
Medium,cap101,P3,NSGA-II,9,112500.000,756297.938
Medium,cap101,P3,NSGA-II,9,105000.000,760688.137
Medium,cap101,P3,NSGA-II,9,97500.000,766644.787
Medium,cap101,P3,NSGA-II,9,90000.000,778056.588
Medium,cap101,P3,NSGA-II,9,82500.000,794301.812
Medium,cap101,P3,NSGA-II,9,75000.000,818768.575
Medium,cap101,P3,NSGA-II,9,67500.000,856144.175
Medium,cap101,P3,NSGA-II,9,60000.000,914513.500
Medium,cap101,P3,NSGA-II,9,52500.000,927989.400
Medium,cap101,P3,NSGA-II,9,45000.000,956318.800
Medium,cap101,P3,NSGA-II,9,37500.000,1006820.512
Medium,cap101,P3,NSGA-II,9,30000.000,1080311.500
Medium,cap101,P3,NSGA-II,9,22500.000,1237752.113
Medium,cap101,P3,SPEA2,9,127500.000,748359.625
Medium,cap101,P3,SPEA2,9,82500.000,825491.738
Medium,cap101,P3,SPEA2,9,60000.000,907119.938
Medium,cap101,P3,SPEA2,9,30000.000,1120434.413
Medium,cap101,P3,SPEA2,9,45000.000,947294.662
Medium,cap101,P3,SPEA2,9,22500.000,1245331.988
Medium,cap101,P3,SPEA2,9,135000.000,732676.975
Medium,cap101,P3,SPEA2,9,105000.000,767828.925
Medium,cap101,P3,SPEA2,9,97500.000,777628.738
Medium,cap101,P3,SPEA2,9,90000.000,805252.312
Medium,cap101,P3,SPEA2,9,52500.000,914373.688
Medium,cap101,P3,SPEA2,9,37500.000,999307.638
Medium,cap101,P3,SPEA2,9,112500.000,756346.925
Medium,cap101,P3,SPEA2,9,75000.000,843045.887
Medium,cap101,P3,SPEA2,9,67500.000,875756.600
Medium,cap101,P3,SPEA2,9,142500.000,726216.000
Medium,cap101,P3,NSGA-II,10,120000.000,757259.113
Medium,cap101,P3,NSGA-II,10,112500.000,758016.100
Medium,cap101,P3,NSGA-II,10,105000.000,762636.287
Medium,cap101,P3,NSGA-II,10,97500.000,769176.925
Medium,cap101,P3,NSGA-II,10,90000.000,780347.012
Medium,cap101,P3,NSGA-II,10,82500.000,795023.312
Medium,cap101,P3,NSGA-II,10,75000.000,817497.062
Medium,cap101,P3,NSGA-II,10,67500.000,827135.300
Medium,cap101,P3,NSGA-II,10,60000.000,856483.662
Medium,cap101,P3,NSGA-II,10,52500.000,904961.613
Medium,cap101,P3,NSGA-II,10,45000.000,906115.912
Medium,cap101,P3,NSGA-II,10,37500.000,980126.287
Medium,cap101,P3,NSGA-II,10,30000.000,991252.625
Medium,cap101,P3,NSGA-II,10,22500.000,1237157.800
Medium,cap101,P3,SPEA2,10,75000.000,834769.250
Medium,cap101,P3,SPEA2,10,82500.000,811968.175
Medium,cap101,P3,SPEA2,10,120000.000,758773.312
Medium,cap101,P3,SPEA2,10,60000.000,861550.200
Medium,cap101,P3,SPEA2,10,112500.000,761491.875
Medium,cap101,P3,SPEA2,10,97500.000,780802.525
Medium,cap101,P3,SPEA2,10,52500.000,907204.988
Medium,cap101,P3,SPEA2,10,67500.000,841773.988
Medium,cap101,P3,SPEA2,10,127500.000,747204.875
Medium,cap101,P3,SPEA2,10,37500.000,946859.012
Medium,cap101,P3,SPEA2,10,30000.000,1006731.912
Medium,cap101,P3,SPEA2,10,105000.000,770354.963
Medium,cap101,P3,SPEA2,10,90000.000,799978.162
Medium,cap101,P3,SPEA2,10,22500.000,1201083.500
Medium,cap101,P3,SPEA2,10,135000.000,746057.500
Medium,cap101,P3,SPEA2,10,45000.000,919394.062
Medium,cap102,P1,NSGA-II,1,225000.000,749945.100
Medium,cap102,P1,NSGA-II,1,37500.000,1274108.900
Medium,cap102,P1,NSGA-II,1,50000.000,1147307.900
Medium,cap102,P1,NSGA-II,1,100000.000,926739.375
Medium,cap102,P1,NSGA-II,1,62500.000,1027414.400
Medium,cap102,P1,NSGA-II,1,112500.000,861283.363
Medium,cap102,P1,NSGA-II,1,75000.000,978004.850
Medium,cap102,P1,NSGA-II,1,87500.000,951114.875
Medium,cap102,P1,NSGA-II,1,125000.000,837204.312
Medium,cap102,P1,NSGA-II,1,200000.000,760134.338
Medium,cap102,P1,NSGA-II,1,187500.000,777560.588
Medium,cap102,P1,NSGA-II,1,175000.000,793765.325
Medium,cap102,P1,NSGA-II,1,162500.000,806757.162
Medium,cap102,P1,NSGA-II,1,150000.000,822875.312
Medium,cap102,P1,NSGA-II,1,137500.000,825302.562
Medium,cap102,P1,NSGA-II,1,212500.000,750541.162
Medium,cap102,P1,SPEA2,1,112500.000,838792.713
Medium,cap102,P1,SPEA2,1,162500.000,792433.588
Medium,cap102,P1,SPEA2,1,100000.000,860095.525
Medium,cap102,P1,SPEA2,1,187500.000,771504.125
Medium,cap102,P1,SPEA2,1,150000.000,805325.700
Medium,cap102,P1,SPEA2,1,62500.000,995223.875
Medium,cap102,P1,SPEA2,1,212500.000,759831.262
Medium,cap102,P1,SPEA2,1,175000.000,785789.262
Medium,cap102,P1,SPEA2,1,87500.000,919284.900
Medium,cap102,P1,SPEA2,1,125000.000,822530.637
Medium,cap102,P1,SPEA2,1,75000.000,973921.062
Medium,cap102,P1,SPEA2,1,137500.000,817561.762
Medium,cap102,P1,SPEA2,1,200000.000,765712.225
Medium,cap102,P1,SPEA2,1,50000.000,1117893.613
Medium,cap102,P1,SPEA2,1,37500.000,1242299.450
Medium,cap102,P1,NSGA-II,2,225000.000,780144.963
Medium,cap102,P1,NSGA-II,2,37500.000,1339373.825
Medium,cap102,P1,NSGA-II,2,50000.000,1142166.712
Medium,cap102,P1,NSGA-II,2,75000.000,986969.350
Medium,cap102,P1,NSGA-II,2,62500.000,1079550.438
Medium,cap102,P1,NSGA-II,2,112500.000,926682.525
Medium,cap102,P1,NSGA-II,2,150000.000,852048.137
Medium,cap102,P1,NSGA-II,2,100000.000,929175.662
Medium,cap102,P1,NSGA-II,2,87500.000,973247.662
Medium,cap102,P1,NSGA-II,2,125000.000,883198.475
Medium,cap102,P1,NSGA-II,2,162500.000,830792.425
Medium,cap102,P1,NSGA-II,2,175000.000,810658.987
Medium,cap102,P1,NSGA-II,2,137500.000,863442.862
Medium,cap102,P1,NSGA-II,2,187500.000,793989.287
Medium,cap102,P1,NSGA-II,2,200000.000,785862.550
Medium,cap102,P1,NSGA-II,2,212500.000,781049.275
Medium,cap102,P1,SPEA2,2,112500.000,869704.300
Medium,cap102,P1,SPEA2,2,162500.000,789197.425
Medium,cap102,P1,SPEA2,2,37500.000,1342775.238
Medium,cap102,P1,SPEA2,2,125000.000,853059.050
Medium,cap102,P1,SPEA2,2,175000.000,778934.637
Medium,cap102,P1,SPEA2,2,137500.000,825296.750
Medium,cap102,P1,SPEA2,2,100000.000,893983.250
Medium,cap102,P1,SPEA2,2,87500.000,951913.637
Medium,cap102,P1,SPEA2,2,200000.000,770463.325
Medium,cap102,P1,SPEA2,2,50000.000,1109723.250
Medium,cap102,P1,SPEA2,2,225000.000,762404.237
Medium,cap102,P1,SPEA2,2,150000.000,801017.800
Medium,cap102,P1,SPEA2,2,62500.000,1074303.525
Medium,cap102,P1,SPEA2,2,75000.000,1047911.750
Medium,cap102,P1,NSGA-II,3,212500.000,762444.387
Medium,cap102,P1,NSGA-II,3,37500.000,1203501.212
Medium,cap102,P1,NSGA-II,3,50000.000,1079450.012
Medium,cap102,P1,NSGA-II,3,87500.000,942148.338
Medium,cap102,P1,NSGA-II,3,75000.000,1010190.700
Medium,cap102,P1,NSGA-II,3,62500.000,1077241.062
Medium,cap102,P1,NSGA-II,3,100000.000,895019.537
Medium,cap102,P1,NSGA-II,3,112500.000,865175.912
Medium,cap102,P1,NSGA-II,3,125000.000,842096.562
Medium,cap102,P1,NSGA-II,3,150000.000,815104.312
Medium,cap102,P1,NSGA-II,3,137500.000,831477.113
Medium,cap102,P1,NSGA-II,3,175000.000,788801.800
Medium,cap102,P1,NSGA-II,3,162500.000,802627.500
Medium,cap102,P1,NSGA-II,3,187500.000,776324.988
Medium,cap102,P1,NSGA-II,3,200000.000,766323.988
Medium,cap102,P1,SPEA2,3,87500.000,1004303.400
Medium,cap102,P1,SPEA2,3,125000.000,884074.338
Medium,cap102,P1,SPEA2,3,100000.000,955101.600
Medium,cap102,P1,SPEA2,3,137500.000,856288.887
Medium,cap102,P1,SPEA2,3,37500.000,1284531.300
Medium,cap102,P1,SPEA2,3,162500.000,818468.700
Medium,cap102,P1,SPEA2,3,187500.000,795222.537
Medium,cap102,P1,SPEA2,3,150000.000,840382.950
Medium,cap102,P1,SPEA2,3,112500.000,918138.312
Medium,cap102,P1,SPEA2,3,62500.000,1068648.500
Medium,cap102,P1,SPEA2,3,200000.000,771828.863
Medium,cap102,P1,SPEA2,3,75000.000,1042627.200
Medium,cap102,P1,SPEA2,3,50000.000,1087475.913
Medium,cap102,P1,SPEA2,3,175000.000,809411.950
Medium,cap102,P1,NSGA-II,4,237500.000,750258.363
Medium,cap102,P1,NSGA-II,4,37500.000,1237917.837
Medium,cap102,P1,NSGA-II,4,50000.000,1113191.050
Medium,cap102,P1,NSGA-II,4,175000.000,797306.637
Medium,cap102,P1,NSGA-II,4,62500.000,1043488.713
Medium,cap102,P1,NSGA-II,4,125000.000,831827.912
Medium,cap102,P1,NSGA-II,4,75000.000,979592.200
Medium,cap102,P1,NSGA-II,4,87500.000,929171.037
Medium,cap102,P1,NSGA-II,4,150000.000,812828.438
Medium,cap102,P1,NSGA-II,4,187500.000,760967.613
Medium,cap102,P1,NSGA-II,4,112500.000,858604.037
Medium,cap102,P1,NSGA-II,4,100000.000,894923.975
Medium,cap102,P1,NSGA-II,4,137500.000,824511.400
Medium,cap102,P1,NSGA-II,4,162500.000,808251.375
Medium,cap102,P1,NSGA-II,4,212500.000,752606.150
Medium,cap102,P1,NSGA-II,4,200000.000,760656.088
Medium,cap102,P1,NSGA-II,4,225000.000,750365.312
Medium,cap102,P1,SPEA2,4,50000.000,1030651.463
Medium,cap102,P1,SPEA2,4,87500.000,969740.150
Medium,cap102,P1,SPEA2,4,75000.000,979718.075
Medium,cap102,P1,SPEA2,4,37500.000,1209178.025
Medium,cap102,P1,SPEA2,4,137500.000,859678.012
Medium,cap102,P1,SPEA2,4,62500.000,1006447.537
Medium,cap102,P1,SPEA2,4,200000.000,820479.637
Medium,cap102,P1,SPEA2,4,175000.000,835499.137
Medium,cap102,P1,SPEA2,4,100000.000,909754.387
Medium,cap102,P1,SPEA2,4,187500.000,821187.675
Medium,cap102,P1,SPEA2,4,150000.000,843894.150
Medium,cap102,P1,SPEA2,4,162500.000,841424.137
Medium,cap102,P1,SPEA2,4,125000.000,882593.312
Medium,cap102,P1,SPEA2,4,112500.000,884739.225
Medium,cap102,P1,NSGA-II,5,212500.000,748614.800
Medium,cap102,P1,NSGA-II,5,37500.000,1326058.850
Medium,cap102,P1,NSGA-II,5,50000.000,1190421.550
Medium,cap102,P1,NSGA-II,5,75000.000,1036495.438
Medium,cap102,P1,NSGA-II,5,62500.000,1136578.738
Medium,cap102,P1,NSGA-II,5,87500.000,966070.775
Medium,cap102,P1,NSGA-II,5,112500.000,890138.863
Medium,cap102,P1,NSGA-II,5,100000.000,951432.863
Medium,cap102,P1,NSGA-II,5,175000.000,801808.887
Medium,cap102,P1,NSGA-II,5,162500.000,845831.075
Medium,cap102,P1,NSGA-II,5,200000.000,761187.975
Medium,cap102,P1,NSGA-II,5,187500.000,789294.988
Medium,cap102,P1,NSGA-II,5,125000.000,863090.912
Medium,cap102,P1,NSGA-II,5,137500.000,853908.488
Medium,cap102,P1,NSGA-II,5,150000.000,847445.250
Medium,cap102,P1,SPEA2,5,112500.000,861742.463
Medium,cap102,P1,SPEA2,5,62500.000,977301.037
Medium,cap102,P1,SPEA2,5,37500.000,1207297.413
Medium,cap102,P1,SPEA2,5,200000.000,774677.900
Medium,cap102,P1,SPEA2,5,100000.000,885847.762
Medium,cap102,P1,SPEA2,5,87500.000,938829.637
Medium,cap102,P1,SPEA2,5,50000.000,1147460.812
Medium,cap102,P1,SPEA2,5,125000.000,838279.988
Medium,cap102,P1,SPEA2,5,75000.000,953010.125
Medium,cap102,P1,SPEA2,5,162500.000,792318.738
Medium,cap102,P1,SPEA2,5,175000.000,789771.812
Medium,cap102,P1,SPEA2,5,137500.000,817940.912
Medium,cap102,P1,SPEA2,5,150000.000,809263.000
Medium,cap102,P1,SPEA2,5,187500.000,775001.100
Medium,cap102,P1,NSGA-II,6,212500.000,770068.338
Medium,cap102,P1,NSGA-II,6,37500.000,1195732.363
Medium,cap102,P1,NSGA-II,6,50000.000,1071681.163
Medium,cap102,P1,NSGA-II,6,75000.000,949740.312
Medium,cap102,P1,NSGA-II,6,62500.000,1059042.663
Medium,cap102,P1,NSGA-II,6,137500.000,862661.300
Medium,cap102,P1,NSGA-II,6,150000.000,853804.100
Medium,cap102,P1,NSGA-II,6,125000.000,891890.825
Medium,cap102,P1,NSGA-II,6,100000.000,901315.925
Medium,cap102,P1,NSGA-II,6,187500.000,784706.537
Medium,cap102,P1,NSGA-II,6,175000.000,800695.100
Medium,cap102,P1,NSGA-II,6,162500.000,827550.700
Medium,cap102,P1,NSGA-II,6,87500.000,923724.238
Medium,cap102,P1,SPEA2,6,162500.000,783766.312
Medium,cap102,P1,SPEA2,6,50000.000,1052545.613
Medium,cap102,P1,SPEA2,6,100000.000,908668.075
Medium,cap102,P1,SPEA2,6,150000.000,821971.450
Medium,cap102,P1,SPEA2,6,37500.000,1163675.100
Medium,cap102,P1,SPEA2,6,187500.000,768398.725
Medium,cap102,P1,SPEA2,6,112500.000,882027.088
Medium,cap102,P1,SPEA2,6,87500.000,912563.500
Medium,cap102,P1,SPEA2,6,75000.000,954917.900
Medium,cap102,P1,SPEA2,6,62500.000,1014403.650
Medium,cap102,P1,SPEA2,6,125000.000,879231.725
Medium,cap102,P1,SPEA2,6,137500.000,851787.037
Medium,cap102,P1,SPEA2,6,200000.000,767871.475
Medium,cap102,P1,NSGA-II,7,212500.000,744339.463
Medium,cap102,P1,NSGA-II,7,37500.000,1301165.812
Medium,cap102,P1,NSGA-II,7,50000.000,1115539.837
Medium,cap102,P1,NSGA-II,7,62500.000,991485.925
Medium,cap102,P1,NSGA-II,7,125000.000,842425.088
Medium,cap102,P1,NSGA-II,7,112500.000,907870.512
Medium,cap102,P1,NSGA-II,7,87500.000,929197.012
Medium,cap102,P1,NSGA-II,7,75000.000,961619.787
Medium,cap102,P1,NSGA-II,7,150000.000,803962.875
Medium,cap102,P1,NSGA-II,7,137500.000,835061.588
Medium,cap102,P1,NSGA-II,7,175000.000,764013.887
Medium,cap102,P1,NSGA-II,7,162500.000,784570.438
Medium,cap102,P1,NSGA-II,7,100000.000,912784.512
Medium,cap102,P1,NSGA-II,7,187500.000,755156.688
Medium,cap102,P1,NSGA-II,7,200000.000,750242.688
Medium,cap102,P1,SPEA2,7,175000.000,764886.825
Medium,cap102,P1,SPEA2,7,125000.000,857194.925
Medium,cap102,P1,SPEA2,7,150000.000,837478.287
Medium,cap102,P1,SPEA2,7,112500.000,872744.287
Medium,cap102,P1,SPEA2,7,187500.000,762537.825
Medium,cap102,P1,SPEA2,7,100000.000,877972.000
Medium,cap102,P1,SPEA2,7,87500.000,901613.975
Medium,cap102,P1,SPEA2,7,137500.000,843987.725
Medium,cap102,P1,SPEA2,7,62500.000,1058689.625
Medium,cap102,P1,SPEA2,7,75000.000,922979.438
Medium,cap102,P1,SPEA2,7,200000.000,760796.338
Medium,cap102,P1,SPEA2,7,162500.000,791229.850
Medium,cap102,P1,SPEA2,7,212500.000,760192.550
Medium,cap102,P1,SPEA2,7,50000.000,1106740.000
Medium,cap102,P1,SPEA2,7,37500.000,1241242.562
Medium,cap102,P1,NSGA-II,8,212500.000,776084.012
Medium,cap102,P1,NSGA-II,8,37500.000,1231792.887
Medium,cap102,P1,NSGA-II,8,50000.000,1105062.087
Medium,cap102,P1,NSGA-II,8,137500.000,840004.812
Medium,cap102,P1,NSGA-II,8,112500.000,889556.988
Medium,cap102,P1,NSGA-II,8,62500.000,1035841.912
Medium,cap102,P1,NSGA-II,8,75000.000,978839.175
Medium,cap102,P1,NSGA-II,8,87500.000,929570.950
Medium,cap102,P1,NSGA-II,8,162500.000,821677.575
Medium,cap102,P1,NSGA-II,8,100000.000,922378.625
Medium,cap102,P1,NSGA-II,8,125000.000,867098.463
Medium,cap102,P1,NSGA-II,8,175000.000,805940.213
Medium,cap102,P1,NSGA-II,8,187500.000,791414.213
Medium,cap102,P1,NSGA-II,8,200000.000,781269.988
Medium,cap102,P1,SPEA2,8,187500.000,781835.512
Medium,cap102,P1,SPEA2,8,200000.000,769454.175
Medium,cap102,P1,SPEA2,8,125000.000,866493.637
Medium,cap102,P1,SPEA2,8,50000.000,1100224.962
Medium,cap102,P1,SPEA2,8,62500.000,1087623.262
Medium,cap102,P1,SPEA2,8,87500.000,937751.100
Medium,cap102,P1,SPEA2,8,162500.000,803162.012
Medium,cap102,P1,SPEA2,8,112500.000,893649.900
Medium,cap102,P1,SPEA2,8,75000.000,978810.700
Medium,cap102,P1,SPEA2,8,137500.000,852526.375
Medium,cap102,P1,SPEA2,8,100000.000,908175.900
Medium,cap102,P1,SPEA2,8,150000.000,838114.700
Medium,cap102,P1,SPEA2,8,37500.000,1228358.438
Medium,cap102,P1,SPEA2,8,175000.000,787173.450
Medium,cap102,P1,NSGA-II,9,200000.000,760057.463
Medium,cap102,P1,NSGA-II,9,37500.000,1234033.975
Medium,cap102,P1,NSGA-II,9,50000.000,1077710.163
Medium,cap102,P1,NSGA-II,9,62500.000,953110.562
Medium,cap102,P1,NSGA-II,9,87500.000,884986.450
Medium,cap102,P1,NSGA-II,9,75000.000,904382.312
Medium,cap102,P1,NSGA-II,9,112500.000,843704.225
Medium,cap102,P1,NSGA-II,9,100000.000,871465.075
Medium,cap102,P1,NSGA-II,9,175000.000,766634.450
Medium,cap102,P1,NSGA-II,9,162500.000,785458.825
Medium,cap102,P1,NSGA-II,9,137500.000,810557.162
Medium,cap102,P1,NSGA-II,9,125000.000,829178.225
Medium,cap102,P1,NSGA-II,9,150000.000,796031.162
Medium,cap102,P1,NSGA-II,9,187500.000,760577.262
Medium,cap102,P1,SPEA2,9,162500.000,846608.762
Medium,cap102,P1,SPEA2,9,212500.000,822057.238
Medium,cap102,P1,SPEA2,9,175000.000,846604.113
Medium,cap102,P1,SPEA2,9,100000.000,908082.250
Medium,cap102,P1,SPEA2,9,125000.000,871270.738
Medium,cap102,P1,SPEA2,9,50000.000,1137458.438
Medium,cap102,P1,SPEA2,9,37500.000,1278162.637
Medium,cap102,P1,SPEA2,9,187500.000,830324.575
Medium,cap102,P1,SPEA2,9,62500.000,1012858.838
Medium,cap102,P1,SPEA2,9,75000.000,965168.875
Medium,cap102,P1,SPEA2,9,112500.000,901057.900
Medium,cap102,P1,SPEA2,9,150000.000,863752.125
Medium,cap102,P1,SPEA2,9,137500.000,870031.713
Medium,cap102,P1,SPEA2,9,87500.000,916353.500
Medium,cap102,P1,NSGA-II,10,200000.000,755713.363
Medium,cap102,P1,NSGA-II,10,37500.000,1270584.262
Medium,cap102,P1,NSGA-II,10,50000.000,1127073.425
Medium,cap102,P1,NSGA-II,10,100000.000,900143.825
Medium,cap102,P1,NSGA-II,10,87500.000,988003.875
Medium,cap102,P1,NSGA-II,10,75000.000,1074246.650
Medium,cap102,P1,NSGA-II,10,62500.000,1119962.850
Medium,cap102,P1,NSGA-II,10,137500.000,831493.488
Medium,cap102,P1,NSGA-II,10,125000.000,863091.188
Medium,cap102,P1,NSGA-II,10,175000.000,774222.425
Medium,cap102,P1,NSGA-II,10,162500.000,801750.975
Medium,cap102,P1,NSGA-II,10,150000.000,823499.500
Medium,cap102,P1,NSGA-II,10,112500.000,880581.325
Medium,cap102,P1,NSGA-II,10,187500.000,762402.050
Medium,cap102,P1,SPEA2,10,87500.000,956495.088
Medium,cap102,P1,SPEA2,10,125000.000,883408.550
Medium,cap102,P1,SPEA2,10,75000.000,963758.562
Medium,cap102,P1,SPEA2,10,62500.000,986784.875
Medium,cap102,P1,SPEA2,10,150000.000,830456.150
Medium,cap102,P1,SPEA2,10,37500.000,1181049.950
Medium,cap102,P1,SPEA2,10,162500.000,823041.838
Medium,cap102,P1,SPEA2,10,112500.000,887883.850
Medium,cap102,P1,SPEA2,10,50000.000,1056998.750
Medium,cap102,P1,SPEA2,10,137500.000,850285.513
Medium,cap102,P1,SPEA2,10,187500.000,814925.650
Medium,cap102,P1,SPEA2,10,100000.000,942834.950
Medium,cap102,P1,SPEA2,10,175000.000,818203.763
Medium,cap102,P1,SPEA2,10,200000.000,813299.500
Medium,cap102,P2,NSGA-II,1,200000.000,735837.700
Medium,cap102,P2,NSGA-II,1,187500.000,741056.450
Medium,cap102,P2,NSGA-II,1,175000.000,743494.037
Medium,cap102,P2,NSGA-II,1,162500.000,752035.037
Medium,cap102,P2,NSGA-II,1,150000.000,759215.162
Medium,cap102,P2,NSGA-II,1,137500.000,770630.850
Medium,cap102,P2,NSGA-II,1,125000.000,804828.075
Medium,cap102,P2,NSGA-II,1,112500.000,829074.463
Medium,cap102,P2,NSGA-II,1,100000.000,839337.250
Medium,cap102,P2,NSGA-II,1,87500.000,863083.613
Medium,cap102,P2,NSGA-II,1,75000.000,905055.938
Medium,cap102,P2,NSGA-II,1,62500.000,1013799.512
Medium,cap102,P2,NSGA-II,1,50000.000,1060928.312
Medium,cap102,P2,NSGA-II,1,37500.000,1182627.988
Medium,cap102,P2,SPEA2,1,200000.000,732200.550
Medium,cap102,P2,SPEA2,1,225000.000,720587.512
Medium,cap102,P2,SPEA2,1,62500.000,1016020.738
Medium,cap102,P2,SPEA2,1,87500.000,872436.312
Medium,cap102,P2,SPEA2,1,150000.000,776900.225
Medium,cap102,P2,SPEA2,1,100000.000,857078.637
Medium,cap102,P2,SPEA2,1,112500.000,831559.275
Medium,cap102,P2,SPEA2,1,162500.000,762598.950
Medium,cap102,P2,SPEA2,1,212500.000,723824.125
Medium,cap102,P2,SPEA2,1,125000.000,810788.600
Medium,cap102,P2,SPEA2,1,137500.000,794886.625
Medium,cap102,P2,SPEA2,1,75000.000,928520.825
Medium,cap102,P2,SPEA2,1,175000.000,762374.200
Medium,cap102,P2,SPEA2,1,187500.000,751436.575
Medium,cap102,P2,SPEA2,1,50000.000,1070614.488
Medium,cap102,P2,SPEA2,1,37500.000,1199798.087
Medium,cap102,P2,NSGA-II,2,200000.000,740592.387
Medium,cap102,P2,NSGA-II,2,187500.000,743083.475
Medium,cap102,P2,NSGA-II,2,175000.000,753996.738
Medium,cap102,P2,NSGA-II,2,162500.000,774660.375
Medium,cap102,P2,NSGA-II,2,150000.000,815373.700
Medium,cap102,P2,NSGA-II,2,137500.000,844433.250
Medium,cap102,P2,NSGA-II,2,125000.000,864350.250
Medium,cap102,P2,NSGA-II,2,112500.000,876293.525
Medium,cap102,P2,NSGA-II,2,87500.000,881292.275
Medium,cap102,P2,NSGA-II,2,75000.000,973159.500
Medium,cap102,P2,NSGA-II,2,62500.000,989248.162
Medium,cap102,P2,NSGA-II,2,50000.000,1122925.175
Medium,cap102,P2,NSGA-II,2,37500.000,1175162.962
Medium,cap102,P2,SPEA2,2,75000.000,967870.000
Medium,cap102,P2,SPEA2,2,37500.000,1192793.575
Medium,cap102,P2,SPEA2,2,162500.000,809730.438
Medium,cap102,P2,SPEA2,2,150000.000,853315.150
Medium,cap102,P2,SPEA2,2,112500.000,916794.100
Medium,cap102,P2,SPEA2,2,50000.000,1028132.825
Medium,cap102,P2,SPEA2,2,175000.000,797910.062
Medium,cap102,P2,SPEA2,2,137500.000,889946.312
Medium,cap102,P2,SPEA2,2,62500.000,992404.713
Medium,cap102,P2,SPEA2,2,100000.000,948175.775
Medium,cap102,P2,SPEA2,2,200000.000,787733.525
Medium,cap102,P2,SPEA2,2,187500.000,796830.250
Medium,cap102,P2,SPEA2,2,212500.000,775913.150
Medium,cap102,P2,SPEA2,2,87500.000,959550.100
Medium,cap102,P2,SPEA2,2,125000.000,894860.312
Medium,cap102,P2,SPEA2,2,237500.000,766134.425
Medium,cap102,P2,SPEA2,2,225000.000,770963.150
Medium,cap102,P2,NSGA-II,3,187500.000,784158.787
Medium,cap102,P2,NSGA-II,3,162500.000,785502.475
Medium,cap102,P2,NSGA-II,3,150000.000,788248.300
Medium,cap102,P2,NSGA-II,3,137500.000,807179.387
Medium,cap102,P2,NSGA-II,3,125000.000,853999.000
Medium,cap102,P2,NSGA-II,3,112500.000,888743.812
Medium,cap102,P2,NSGA-II,3,100000.000,924953.300
Medium,cap102,P2,NSGA-II,3,87500.000,950175.012
Medium,cap102,P2,NSGA-II,3,75000.000,983940.188
Medium,cap102,P2,NSGA-II,3,62500.000,1051149.125
Medium,cap102,P2,NSGA-II,3,50000.000,1184956.962
Medium,cap102,P2,NSGA-II,3,37500.000,1247647.875
Medium,cap102,P2,SPEA2,3,62500.000,974224.613
Medium,cap102,P2,SPEA2,3,112500.000,839204.863
Medium,cap102,P2,SPEA2,3,100000.000,874610.387
Medium,cap102,P2,SPEA2,3,187500.000,757174.850
Medium,cap102,P2,SPEA2,3,162500.000,773125.338
Medium,cap102,P2,SPEA2,3,87500.000,947106.037
Medium,cap102,P2,SPEA2,3,37500.000,1173988.000
Medium,cap102,P2,SPEA2,3,137500.000,805243.475
Medium,cap102,P2,SPEA2,3,175000.000,761826.175
Medium,cap102,P2,SPEA2,3,150000.000,788841.287
Medium,cap102,P2,SPEA2,3,75000.000,950188.550
Medium,cap102,P2,SPEA2,3,50000.000,1042266.975
Medium,cap102,P2,SPEA2,3,125000.000,825550.200
Medium,cap102,P2,NSGA-II,4,212500.000,740532.625
Medium,cap102,P2,NSGA-II,4,200000.000,751187.050
Medium,cap102,P2,NSGA-II,4,187500.000,789022.450
Medium,cap102,P2,NSGA-II,4,175000.000,800503.963
Medium,cap102,P2,NSGA-II,4,162500.000,812046.137
Medium,cap102,P2,NSGA-II,4,150000.000,814954.113
Medium,cap102,P2,NSGA-II,4,137500.000,843018.512
Medium,cap102,P2,NSGA-II,4,125000.000,852497.625
Medium,cap102,P2,NSGA-II,4,112500.000,898719.763
Medium,cap102,P2,NSGA-II,4,100000.000,905252.700
Medium,cap102,P2,NSGA-II,4,87500.000,923739.500
Medium,cap102,P2,NSGA-II,4,75000.000,978204.250
Medium,cap102,P2,NSGA-II,4,62500.000,1023195.650
Medium,cap102,P2,NSGA-II,4,50000.000,1076636.575
Medium,cap102,P2,NSGA-II,4,37500.000,1204136.837
Medium,cap102,P2,SPEA2,4,75000.000,991891.525
Medium,cap102,P2,SPEA2,4,175000.000,772847.162
Medium,cap102,P2,SPEA2,4,112500.000,846497.525
Medium,cap102,P2,SPEA2,4,62500.000,1024509.012
Medium,cap102,P2,SPEA2,4,150000.000,794078.325
Medium,cap102,P2,SPEA2,4,87500.000,892319.363
Medium,cap102,P2,SPEA2,4,100000.000,876059.675
Medium,cap102,P2,SPEA2,4,187500.000,749356.838
Medium,cap102,P2,SPEA2,4,137500.000,823500.787
Medium,cap102,P2,SPEA2,4,212500.000,723248.637
Medium,cap102,P2,SPEA2,4,200000.000,733063.775
Medium,cap102,P2,SPEA2,4,125000.000,837653.463
Medium,cap102,P2,SPEA2,4,50000.000,1083958.325
Medium,cap102,P2,SPEA2,4,162500.000,785234.262
Medium,cap102,P2,SPEA2,4,225000.000,722937.113
Medium,cap102,P2,SPEA2,4,37500.000,1208009.525
Medium,cap102,P2,NSGA-II,5,175000.000,761975.425
Medium,cap102,P2,NSGA-II,5,162500.000,770025.363
Medium,cap102,P2,NSGA-II,5,150000.000,779554.600
Medium,cap102,P2,NSGA-II,5,137500.000,793179.238
Medium,cap102,P2,NSGA-II,5,125000.000,818776.300
Medium,cap102,P2,NSGA-II,5,112500.000,919729.488
Medium,cap102,P2,NSGA-II,5,100000.000,941316.938
Medium,cap102,P2,NSGA-II,5,87500.000,949337.412
Medium,cap102,P2,NSGA-II,5,75000.000,1023422.275
Medium,cap102,P2,NSGA-II,5,62500.000,1058486.113
Medium,cap102,P2,NSGA-II,5,50000.000,1073370.425
Medium,cap102,P2,NSGA-II,5,37500.000,1243698.025
Medium,cap102,P2,SPEA2,5,87500.000,963742.400
Medium,cap102,P2,SPEA2,5,50000.000,1113934.125
Medium,cap102,P2,SPEA2,5,125000.000,836909.850
Medium,cap102,P2,SPEA2,5,37500.000,1258436.850
Medium,cap102,P2,SPEA2,5,150000.000,782940.713
Medium,cap102,P2,SPEA2,5,175000.000,756969.950
Medium,cap102,P2,SPEA2,5,100000.000,917203.662
Medium,cap102,P2,SPEA2,5,162500.000,768828.738
Medium,cap102,P2,SPEA2,5,187500.000,745218.438
Medium,cap102,P2,SPEA2,5,112500.000,895008.725
Medium,cap102,P2,SPEA2,5,75000.000,985500.000
Medium,cap102,P2,SPEA2,5,137500.000,825729.350
Medium,cap102,P2,SPEA2,5,200000.000,741598.750
Medium,cap102,P2,SPEA2,5,62500.000,1069200.975
Medium,cap102,P2,NSGA-II,6,212500.000,737366.775
Medium,cap102,P2,NSGA-II,6,200000.000,738932.700
Medium,cap102,P2,NSGA-II,6,187500.000,747789.900
Medium,cap102,P2,NSGA-II,6,175000.000,756090.350
Medium,cap102,P2,NSGA-II,6,162500.000,768246.525
Medium,cap102,P2,NSGA-II,6,150000.000,783039.213
Medium,cap102,P2,NSGA-II,6,137500.000,806843.250
Medium,cap102,P2,NSGA-II,6,125000.000,821132.237
Medium,cap102,P2,NSGA-II,6,112500.000,886236.350
Medium,cap102,P2,NSGA-II,6,100000.000,901362.625
Medium,cap102,P2,NSGA-II,6,87500.000,945498.250
Medium,cap102,P2,NSGA-II,6,75000.000,974711.675
Medium,cap102,P2,NSGA-II,6,62500.000,998028.100
Medium,cap102,P2,NSGA-II,6,50000.000,1127091.025
Medium,cap102,P2,NSGA-II,6,37500.000,1187626.038
Medium,cap102,P2,SPEA2,6,150000.000,792361.200
Medium,cap102,P2,SPEA2,6,125000.000,838870.925
Medium,cap102,P2,SPEA2,6,137500.000,795369.450
Medium,cap102,P2,SPEA2,6,112500.000,855412.862
Medium,cap102,P2,SPEA2,6,75000.000,932648.525
Medium,cap102,P2,SPEA2,6,162500.000,774266.000
Medium,cap102,P2,SPEA2,6,87500.000,927605.525
Medium,cap102,P2,SPEA2,6,100000.000,884849.000
Medium,cap102,P2,SPEA2,6,50000.000,1012246.562
Medium,cap102,P2,SPEA2,6,62500.000,968434.412
Medium,cap102,P2,SPEA2,6,37500.000,1197437.312
Medium,cap102,P2,SPEA2,6,175000.000,764709.150
Medium,cap102,P2,NSGA-II,7,212500.000,744129.675
Medium,cap102,P2,NSGA-II,7,200000.000,761861.275
Medium,cap102,P2,NSGA-II,7,187500.000,766521.463
Medium,cap102,P2,NSGA-II,7,175000.000,776591.387
Medium,cap102,P2,NSGA-II,7,162500.000,788158.625
Medium,cap102,P2,NSGA-II,7,150000.000,809956.575
Medium,cap102,P2,NSGA-II,7,137500.000,817636.000
Medium,cap102,P2,NSGA-II,7,125000.000,824355.688
Medium,cap102,P2,NSGA-II,7,112500.000,836403.912
Medium,cap102,P2,NSGA-II,7,100000.000,852062.925
Medium,cap102,P2,NSGA-II,7,87500.000,862161.775
Medium,cap102,P2,NSGA-II,7,75000.000,875042.000
Medium,cap102,P2,NSGA-II,7,62500.000,877507.012
Medium,cap102,P2,NSGA-II,7,50000.000,1003886.188
Medium,cap102,P2,NSGA-II,7,37500.000,1204900.788
Medium,cap102,P2,SPEA2,7,200000.000,765687.350
Medium,cap102,P2,SPEA2,7,37500.000,1187636.962
Medium,cap102,P2,SPEA2,7,112500.000,854518.050
Medium,cap102,P2,SPEA2,7,100000.000,876632.675
Medium,cap102,P2,SPEA2,7,150000.000,802193.550
Medium,cap102,P2,SPEA2,7,125000.000,840430.075
Medium,cap102,P2,SPEA2,7,187500.000,767367.350
Medium,cap102,P2,SPEA2,7,87500.000,897160.988
Medium,cap102,P2,SPEA2,7,175000.000,769253.488
Medium,cap102,P2,SPEA2,7,137500.000,817839.262
Medium,cap102,P2,SPEA2,7,62500.000,1018731.350
Medium,cap102,P2,SPEA2,7,162500.000,787143.812
Medium,cap102,P2,SPEA2,7,75000.000,1008097.412
Medium,cap102,P2,SPEA2,7,50000.000,1030230.713
Medium,cap102,P2,NSGA-II,8,200000.000,764765.225
Medium,cap102,P2,NSGA-II,8,37500.000,1233536.238
Medium,cap102,P2,NSGA-II,8,50000.000,1036981.062
Medium,cap102,P2,NSGA-II,8,87500.000,905008.475
Medium,cap102,P2,NSGA-II,8,125000.000,854801.850
Medium,cap102,P2,NSGA-II,8,75000.000,960781.887
Medium,cap102,P2,NSGA-II,8,62500.000,986573.088
Medium,cap102,P2,NSGA-II,8,112500.000,860943.963
Medium,cap102,P2,NSGA-II,8,100000.000,894095.213
Medium,cap102,P2,NSGA-II,8,137500.000,824783.900
Medium,cap102,P2,NSGA-II,8,150000.000,802582.963
Medium,cap102,P2,NSGA-II,8,162500.000,783736.925
Medium,cap102,P2,NSGA-II,8,175000.000,772918.100
Medium,cap102,P2,NSGA-II,8,187500.000,765612.900
Medium,cap102,P2,SPEA2,8,75000.000,1023850.863
Medium,cap102,P2,SPEA2,8,87500.000,931742.125
Medium,cap102,P2,SPEA2,8,150000.000,811077.012
Medium,cap102,P2,SPEA2,8,137500.000,857737.863
Medium,cap102,P2,SPEA2,8,37500.000,1244538.038
Medium,cap102,P2,SPEA2,8,200000.000,754965.562
Medium,cap102,P2,SPEA2,8,100000.000,911820.488
Medium,cap102,P2,SPEA2,8,125000.000,863827.838
Medium,cap102,P2,SPEA2,8,62500.000,1159531.800
Medium,cap102,P2,SPEA2,8,162500.000,789487.700
Medium,cap102,P2,SPEA2,8,112500.000,897591.150
Medium,cap102,P2,SPEA2,8,50000.000,1198241.975
Medium,cap102,P2,SPEA2,8,212500.000,742913.262
Medium,cap102,P2,SPEA2,8,175000.000,774622.412
Medium,cap102,P2,SPEA2,8,225000.000,736493.938
Medium,cap102,P2,SPEA2,8,187500.000,772511.787
Medium,cap102,P2,NSGA-II,9,212500.000,734236.512
Medium,cap102,P2,NSGA-II,9,200000.000,736732.863
Medium,cap102,P2,NSGA-II,9,187500.000,745880.912
Medium,cap102,P2,NSGA-II,9,175000.000,758974.762
Medium,cap102,P2,NSGA-II,9,162500.000,759204.838
Medium,cap102,P2,NSGA-II,9,150000.000,786350.588
Medium,cap102,P2,NSGA-II,9,137500.000,808041.225
Medium,cap102,P2,NSGA-II,9,125000.000,819693.750
Medium,cap102,P2,NSGA-II,9,112500.000,844428.275
Medium,cap102,P2,NSGA-II,9,100000.000,846864.938
Medium,cap102,P2,NSGA-II,9,87500.000,856488.325
Medium,cap102,P2,NSGA-II,9,75000.000,886739.075
Medium,cap102,P2,NSGA-II,9,62500.000,911893.588
Medium,cap102,P2,NSGA-II,9,50000.000,979935.950
Medium,cap102,P2,NSGA-II,9,37500.000,1120640.150
Medium,cap102,P2,SPEA2,9,162500.000,774184.250
Medium,cap102,P2,SPEA2,9,112500.000,830972.425
Medium,cap102,P2,SPEA2,9,225000.000,733298.975
Medium,cap102,P2,SPEA2,9,150000.000,786689.287
Medium,cap102,P2,SPEA2,9,62500.000,997759.050
Medium,cap102,P2,SPEA2,9,75000.000,929307.025
Medium,cap102,P2,SPEA2,9,175000.000,763097.700
Medium,cap102,P2,SPEA2,9,200000.000,746192.537
Medium,cap102,P2,SPEA2,9,50000.000,1121810.250
Medium,cap102,P2,SPEA2,9,137500.000,800623.750
Medium,cap102,P2,SPEA2,9,37500.000,1266021.350
Medium,cap102,P2,SPEA2,9,125000.000,819152.050
Medium,cap102,P2,SPEA2,9,212500.000,737445.175
Medium,cap102,P2,SPEA2,9,100000.000,851526.550
Medium,cap102,P2,SPEA2,9,87500.000,884209.312
Medium,cap102,P2,SPEA2,9,187500.000,754726.213
Medium,cap102,P2,NSGA-II,10,225000.000,736511.162
Medium,cap102,P2,NSGA-II,10,212500.000,740744.762
Medium,cap102,P2,NSGA-II,10,200000.000,758688.600
Medium,cap102,P2,NSGA-II,10,187500.000,773373.150
Medium,cap102,P2,NSGA-II,10,175000.000,778367.700
Medium,cap102,P2,NSGA-II,10,162500.000,797027.750
Medium,cap102,P2,NSGA-II,10,150000.000,810179.000
Medium,cap102,P2,NSGA-II,10,137500.000,821957.950
Medium,cap102,P2,NSGA-II,10,125000.000,832148.787
Medium,cap102,P2,NSGA-II,10,112500.000,833899.412
Medium,cap102,P2,NSGA-II,10,100000.000,868098.762
Medium,cap102,P2,NSGA-II,10,87500.000,876746.762
Medium,cap102,P2,NSGA-II,10,75000.000,944300.713
Medium,cap102,P2,NSGA-II,10,62500.000,1014272.775
Medium,cap102,P2,NSGA-II,10,50000.000,1032706.588
Medium,cap102,P2,NSGA-II,10,37500.000,1173410.788
Medium,cap102,P2,SPEA2,10,225000.000,756984.338
Medium,cap102,P2,SPEA2,10,200000.000,759846.975
Medium,cap102,P2,SPEA2,10,162500.000,780720.037
Medium,cap102,P2,SPEA2,10,125000.000,832985.225
Medium,cap102,P2,SPEA2,10,50000.000,1131443.775
Medium,cap102,P2,SPEA2,10,112500.000,843956.225
Medium,cap102,P2,SPEA2,10,150000.000,789577.238
Medium,cap102,P2,SPEA2,10,100000.000,892761.487
Medium,cap102,P2,SPEA2,10,87500.000,951027.325
Medium,cap102,P2,SPEA2,10,212500.000,757355.887
Medium,cap102,P2,SPEA2,10,175000.000,762692.725
Medium,cap102,P2,SPEA2,10,37500.000,1226010.762
Medium,cap102,P2,SPEA2,10,75000.000,958744.550
Medium,cap102,P2,SPEA2,10,137500.000,800198.900
Medium,cap102,P2,SPEA2,10,62500.000,985813.825
Medium,cap102,P3,NSGA-II,1,212500.000,737591.312
Medium,cap102,P3,NSGA-II,1,200000.000,745969.525
Medium,cap102,P3,NSGA-II,1,187500.000,747078.312
Medium,cap102,P3,NSGA-II,1,175000.000,758796.012
Medium,cap102,P3,NSGA-II,1,162500.000,768053.412
Medium,cap102,P3,NSGA-II,1,150000.000,793593.662
Medium,cap102,P3,NSGA-II,1,137500.000,800844.963
Medium,cap102,P3,NSGA-II,1,125000.000,814076.050
Medium,cap102,P3,NSGA-II,1,112500.000,838567.925
Medium,cap102,P3,NSGA-II,1,100000.000,856203.925
Medium,cap102,P3,NSGA-II,1,87500.000,884666.487
Medium,cap102,P3,NSGA-II,1,75000.000,901497.050
Medium,cap102,P3,NSGA-II,1,62500.000,978173.862
Medium,cap102,P3,NSGA-II,1,50000.000,1015816.737
Medium,cap102,P3,NSGA-II,1,37500.000,1168503.775
Medium,cap102,P3,SPEA2,1,125000.000,792220.425
Medium,cap102,P3,SPEA2,1,187500.000,745258.875
Medium,cap102,P3,SPEA2,1,175000.000,748977.625
Medium,cap102,P3,SPEA2,1,150000.000,767314.200
Medium,cap102,P3,SPEA2,1,162500.000,757075.875
Medium,cap102,P3,SPEA2,1,50000.000,983780.600
Medium,cap102,P3,SPEA2,1,137500.000,778737.300
Medium,cap102,P3,SPEA2,1,87500.000,906007.125
Medium,cap102,P3,SPEA2,1,112500.000,817712.637
Medium,cap102,P3,SPEA2,1,212500.000,735505.738
Medium,cap102,P3,SPEA2,1,200000.000,739776.975
Medium,cap102,P3,SPEA2,1,100000.000,875089.600
Medium,cap102,P3,SPEA2,1,62500.000,949390.325
Medium,cap102,P3,SPEA2,1,75000.000,915247.100
Medium,cap102,P3,SPEA2,1,37500.000,1155177.988
Medium,cap102,P3,NSGA-II,2,237500.000,722163.162
Medium,cap102,P3,NSGA-II,2,225000.000,724497.925
Medium,cap102,P3,NSGA-II,2,212500.000,739807.050
Medium,cap102,P3,NSGA-II,2,200000.000,742921.562
Medium,cap102,P3,NSGA-II,2,187500.000,752267.262
Medium,cap102,P3,NSGA-II,2,175000.000,767129.537
Medium,cap102,P3,NSGA-II,2,162500.000,772843.200
Medium,cap102,P3,NSGA-II,2,150000.000,788104.325
Medium,cap102,P3,NSGA-II,2,137500.000,811628.625
Medium,cap102,P3,NSGA-II,2,125000.000,850984.575
Medium,cap102,P3,NSGA-II,2,100000.000,855528.438
Medium,cap102,P3,NSGA-II,2,87500.000,949534.287
Medium,cap102,P3,NSGA-II,2,75000.000,952018.975
Medium,cap102,P3,NSGA-II,2,62500.000,971791.325
Medium,cap102,P3,NSGA-II,2,50000.000,984771.950
Medium,cap102,P3,NSGA-II,2,37500.000,1166424.100
Medium,cap102,P3,SPEA2,2,100000.000,930388.237
Medium,cap102,P3,SPEA2,2,125000.000,895670.863
Medium,cap102,P3,SPEA2,2,87500.000,951028.262
Medium,cap102,P3,SPEA2,2,137500.000,872134.425
Medium,cap102,P3,SPEA2,2,75000.000,1001198.438
Medium,cap102,P3,SPEA2,2,187500.000,764455.012
Medium,cap102,P3,SPEA2,2,50000.000,1062652.375
Medium,cap102,P3,SPEA2,2,62500.000,1016051.975
Medium,cap102,P3,SPEA2,2,112500.000,907046.113
Medium,cap102,P3,SPEA2,2,150000.000,861691.562
Medium,cap102,P3,SPEA2,2,225000.000,739361.650
Medium,cap102,P3,SPEA2,2,212500.000,752220.075
Medium,cap102,P3,SPEA2,2,200000.000,763927.588
Medium,cap102,P3,SPEA2,2,175000.000,773401.600
Medium,cap102,P3,SPEA2,2,237500.000,737881.588
Medium,cap102,P3,SPEA2,2,162500.000,789651.700
Medium,cap102,P3,SPEA2,2,37500.000,1188342.725
Medium,cap102,P3,NSGA-II,3,212500.000,750934.900
Medium,cap102,P3,NSGA-II,3,187500.000,755543.450
Medium,cap102,P3,NSGA-II,3,175000.000,764638.325
Medium,cap102,P3,NSGA-II,3,162500.000,781570.925
Medium,cap102,P3,NSGA-II,3,150000.000,798554.250
Medium,cap102,P3,NSGA-II,3,137500.000,818273.887
Medium,cap102,P3,NSGA-II,3,125000.000,842537.700
Medium,cap102,P3,NSGA-II,3,112500.000,865022.037
Medium,cap102,P3,NSGA-II,3,100000.000,878301.262
Medium,cap102,P3,NSGA-II,3,87500.000,894694.412
Medium,cap102,P3,NSGA-II,3,75000.000,903624.750
Medium,cap102,P3,NSGA-II,3,62500.000,973748.262
Medium,cap102,P3,NSGA-II,3,50000.000,1016493.125
Medium,cap102,P3,NSGA-II,3,37500.000,1215565.538
Medium,cap102,P3,SPEA2,3,137500.000,812522.175
Medium,cap102,P3,SPEA2,3,112500.000,863203.738
Medium,cap102,P3,SPEA2,3,162500.000,770746.463
Medium,cap102,P3,SPEA2,3,100000.000,880073.075
Medium,cap102,P3,SPEA2,3,187500.000,746710.075
Medium,cap102,P3,SPEA2,3,50000.000,1041925.450
Medium,cap102,P3,SPEA2,3,87500.000,899913.600
Medium,cap102,P3,SPEA2,3,75000.000,949857.588
Medium,cap102,P3,SPEA2,3,37500.000,1168879.163
Medium,cap102,P3,SPEA2,3,125000.000,861780.412
Medium,cap102,P3,SPEA2,3,150000.000,792886.600
Medium,cap102,P3,SPEA2,3,175000.000,755054.312
Medium,cap102,P3,SPEA2,3,200000.000,743686.600
Medium,cap102,P3,SPEA2,3,62500.000,971436.600
Medium,cap102,P3,NSGA-II,4,200000.000,735465.912
Medium,cap102,P3,NSGA-II,4,187500.000,738301.938
Medium,cap102,P3,NSGA-II,4,175000.000,745143.062
Medium,cap102,P3,NSGA-II,4,162500.000,748647.600
Medium,cap102,P3,NSGA-II,4,150000.000,766587.425
Medium,cap102,P3,NSGA-II,4,137500.000,769752.175
Medium,cap102,P3,NSGA-II,4,125000.000,809676.875
Medium,cap102,P3,NSGA-II,4,112500.000,811494.975
Medium,cap102,P3,NSGA-II,4,100000.000,833252.188
Medium,cap102,P3,NSGA-II,4,87500.000,864775.800
Medium,cap102,P3,NSGA-II,4,75000.000,887068.713
Medium,cap102,P3,NSGA-II,4,62500.000,909140.238
Medium,cap102,P3,NSGA-II,4,50000.000,963610.188
Medium,cap102,P3,NSGA-II,4,37500.000,1093817.387
Medium,cap102,P3,SPEA2,4,225000.000,733917.175
Medium,cap102,P3,SPEA2,4,62500.000,919679.125
Medium,cap102,P3,SPEA2,4,187500.000,746244.600
Medium,cap102,P3,SPEA2,4,200000.000,735960.825
Medium,cap102,P3,SPEA2,4,100000.000,856434.775
Medium,cap102,P3,SPEA2,4,37500.000,1112845.712
Medium,cap102,P3,SPEA2,4,125000.000,791694.488
Medium,cap102,P3,SPEA2,4,150000.000,769346.088
Medium,cap102,P3,SPEA2,4,212500.000,735643.250
Medium,cap102,P3,SPEA2,4,87500.000,877118.912
Medium,cap102,P3,SPEA2,4,50000.000,987721.488
Medium,cap102,P3,SPEA2,4,137500.000,771596.875
Medium,cap102,P3,SPEA2,4,112500.000,825551.463
Medium,cap102,P3,SPEA2,4,75000.000,898229.713
Medium,cap102,P3,SPEA2,4,175000.000,750137.900
Medium,cap102,P3,SPEA2,4,162500.000,760178.363
Medium,cap102,P3,NSGA-II,5,225000.000,742711.575
Medium,cap102,P3,NSGA-II,5,37500.000,1244650.137
Medium,cap102,P3,NSGA-II,5,50000.000,1079953.387
Medium,cap102,P3,NSGA-II,5,100000.000,942184.137
Medium,cap102,P3,NSGA-II,5,112500.000,899126.787
Medium,cap102,P3,NSGA-II,5,162500.000,790455.512
Medium,cap102,P3,NSGA-II,5,175000.000,768341.575
Medium,cap102,P3,NSGA-II,5,75000.000,1004470.550
Medium,cap102,P3,NSGA-II,5,62500.000,1046454.338
Medium,cap102,P3,NSGA-II,5,87500.000,983685.287
Medium,cap102,P3,NSGA-II,5,150000.000,801723.225
Medium,cap102,P3,NSGA-II,5,137500.000,841572.500
Medium,cap102,P3,NSGA-II,5,125000.000,861847.900
Medium,cap102,P3,NSGA-II,5,187500.000,757073.863
Medium,cap102,P3,NSGA-II,5,200000.000,748574.363
Medium,cap102,P3,NSGA-II,5,212500.000,745487.963
Medium,cap102,P3,SPEA2,5,75000.000,1072009.150
Medium,cap102,P3,SPEA2,5,125000.000,876835.713
Medium,cap102,P3,SPEA2,5,237500.000,729867.738
Medium,cap102,P3,SPEA2,5,212500.000,748662.200
Medium,cap102,P3,SPEA2,5,100000.000,947824.062
Medium,cap102,P3,SPEA2,5,87500.000,950554.425
Medium,cap102,P3,SPEA2,5,250000.000,717188.688
Medium,cap102,P3,SPEA2,5,225000.000,740815.613
Medium,cap102,P3,SPEA2,5,187500.000,760406.262
Medium,cap102,P3,SPEA2,5,200000.000,751205.350
Medium,cap102,P3,SPEA2,5,50000.000,1192593.525
Medium,cap102,P3,SPEA2,5,150000.000,796849.600
Medium,cap102,P3,SPEA2,5,162500.000,785712.850
Medium,cap102,P3,SPEA2,5,175000.000,773132.688
Medium,cap102,P3,SPEA2,5,37500.000,1253687.863
Medium,cap102,P3,SPEA2,5,62500.000,1118883.175
Medium,cap102,P3,SPEA2,5,137500.000,847673.363
Medium,cap102,P3,SPEA2,5,112500.000,893756.312
Medium,cap102,P3,NSGA-II,6,225000.000,728341.262
Medium,cap102,P3,NSGA-II,6,212500.000,728802.950
Medium,cap102,P3,NSGA-II,6,200000.000,741152.350
Medium,cap102,P3,NSGA-II,6,175000.000,756558.963
Medium,cap102,P3,NSGA-II,6,162500.000,759567.213
Medium,cap102,P3,NSGA-II,6,150000.000,787165.625
Medium,cap102,P3,NSGA-II,6,137500.000,790888.875
Medium,cap102,P3,NSGA-II,6,125000.000,835824.812
Medium,cap102,P3,NSGA-II,6,112500.000,872984.325
Medium,cap102,P3,NSGA-II,6,100000.000,912321.275
Medium,cap102,P3,NSGA-II,6,87500.000,933461.037
Medium,cap102,P3,NSGA-II,6,75000.000,939751.012
Medium,cap102,P3,NSGA-II,6,62500.000,976581.262
Medium,cap102,P3,NSGA-II,6,50000.000,997884.075
Medium,cap102,P3,NSGA-II,6,37500.000,1181535.925
Medium,cap102,P3,SPEA2,6,187500.000,756706.438
Medium,cap102,P3,SPEA2,6,162500.000,783109.625
Medium,cap102,P3,SPEA2,6,50000.000,1117441.475
Medium,cap102,P3,SPEA2,6,112500.000,883622.125
Medium,cap102,P3,SPEA2,6,212500.000,737557.300
Medium,cap102,P3,SPEA2,6,87500.000,916247.387
Medium,cap102,P3,SPEA2,6,100000.000,895890.287
Medium,cap102,P3,SPEA2,6,75000.000,971755.025
Medium,cap102,P3,SPEA2,6,150000.000,795606.488
Medium,cap102,P3,SPEA2,6,175000.000,762395.812
Medium,cap102,P3,SPEA2,6,200000.000,746471.312
Medium,cap102,P3,SPEA2,6,125000.000,874764.925
Medium,cap102,P3,SPEA2,6,137500.000,815764.662
Medium,cap102,P3,SPEA2,6,37500.000,1199910.275
Medium,cap102,P3,SPEA2,6,62500.000,1003759.925
Medium,cap102,P3,NSGA-II,7,237500.000,711502.037
Medium,cap102,P3,NSGA-II,7,212500.000,720133.338
Medium,cap102,P3,NSGA-II,7,200000.000,734169.713
Medium,cap102,P3,NSGA-II,7,187500.000,744998.000
Medium,cap102,P3,NSGA-II,7,175000.000,766220.688
Medium,cap102,P3,NSGA-II,7,162500.000,776493.588
Medium,cap102,P3,NSGA-II,7,150000.000,794337.150
Medium,cap102,P3,NSGA-II,7,137500.000,826198.213
Medium,cap102,P3,NSGA-II,7,125000.000,850154.025
Medium,cap102,P3,NSGA-II,7,112500.000,883542.575
Medium,cap102,P3,NSGA-II,7,100000.000,895818.225
Medium,cap102,P3,NSGA-II,7,87500.000,905642.600
Medium,cap102,P3,NSGA-II,7,75000.000,907437.125
Medium,cap102,P3,NSGA-II,7,62500.000,942515.262
Medium,cap102,P3,NSGA-II,7,50000.000,1051759.200
Medium,cap102,P3,NSGA-II,7,37500.000,1184189.212
Medium,cap102,P3,SPEA2,7,50000.000,1074576.913
Medium,cap102,P3,SPEA2,7,187500.000,773444.012
Medium,cap102,P3,SPEA2,7,212500.000,746201.838
Medium,cap102,P3,SPEA2,7,87500.000,896621.838
Medium,cap102,P3,SPEA2,7,112500.000,868014.238
Medium,cap102,P3,SPEA2,7,75000.000,929705.375
Medium,cap102,P3,SPEA2,7,125000.000,846399.812
Medium,cap102,P3,SPEA2,7,37500.000,1198628.113
Medium,cap102,P3,SPEA2,7,100000.000,869167.137
Medium,cap102,P3,SPEA2,7,200000.000,756054.075
Medium,cap102,P3,SPEA2,7,62500.000,975174.237
Medium,cap102,P3,SPEA2,7,150000.000,811440.200
Medium,cap102,P3,SPEA2,7,162500.000,808906.425
Medium,cap102,P3,SPEA2,7,137500.000,820113.537
Medium,cap102,P3,SPEA2,7,175000.000,789112.100
Medium,cap102,P3,NSGA-II,8,250000.000,720914.812
Medium,cap102,P3,NSGA-II,8,237500.000,722314.488
Medium,cap102,P3,NSGA-II,8,225000.000,727523.738
Medium,cap102,P3,NSGA-II,8,212500.000,738770.950
Medium,cap102,P3,NSGA-II,8,200000.000,739217.850
Medium,cap102,P3,NSGA-II,8,187500.000,748395.350
Medium,cap102,P3,NSGA-II,8,175000.000,771257.213
Medium,cap102,P3,NSGA-II,8,162500.000,776522.575
Medium,cap102,P3,NSGA-II,8,150000.000,794453.562
Medium,cap102,P3,NSGA-II,8,137500.000,837249.425
Medium,cap102,P3,NSGA-II,8,125000.000,866634.162
Medium,cap102,P3,NSGA-II,8,112500.000,900845.500
Medium,cap102,P3,NSGA-II,8,100000.000,979790.912
Medium,cap102,P3,NSGA-II,8,87500.000,989991.225
Medium,cap102,P3,NSGA-II,8,75000.000,993226.588
Medium,cap102,P3,NSGA-II,8,62500.000,1023380.412
Medium,cap102,P3,NSGA-II,8,50000.000,1043594.613
Medium,cap102,P3,NSGA-II,8,37500.000,1172949.325
Medium,cap102,P3,SPEA2,8,162500.000,801454.037
Medium,cap102,P3,SPEA2,8,250000.000,716722.588
Medium,cap102,P3,SPEA2,8,50000.000,1135938.062
Medium,cap102,P3,SPEA2,8,187500.000,760599.975
Medium,cap102,P3,SPEA2,8,62500.000,1103601.825
Medium,cap102,P3,SPEA2,8,175000.000,776507.600
Medium,cap102,P3,SPEA2,8,75000.000,1023676.225
Medium,cap102,P3,SPEA2,8,87500.000,950314.713
Medium,cap102,P3,SPEA2,8,100000.000,893052.037
Medium,cap102,P3,SPEA2,8,125000.000,836726.662
Medium,cap102,P3,SPEA2,8,137500.000,814617.037
Medium,cap102,P3,SPEA2,8,225000.000,717360.625
Medium,cap102,P3,SPEA2,8,200000.000,739976.875
Medium,cap102,P3,SPEA2,8,112500.000,875606.638
Medium,cap102,P3,SPEA2,8,37500.000,1213824.863
Medium,cap102,P3,SPEA2,8,237500.000,716893.012
Medium,cap102,P3,SPEA2,8,212500.000,724306.088
Medium,cap102,P3,NSGA-II,9,200000.000,754644.938
Medium,cap102,P3,NSGA-II,9,187500.000,756297.938
Medium,cap102,P3,NSGA-II,9,175000.000,760688.137
Medium,cap102,P3,NSGA-II,9,162500.000,766644.787
Medium,cap102,P3,NSGA-II,9,150000.000,778056.588
Medium,cap102,P3,NSGA-II,9,137500.000,794301.812
Medium,cap102,P3,NSGA-II,9,125000.000,818768.575
Medium,cap102,P3,NSGA-II,9,112500.000,856144.175
Medium,cap102,P3,NSGA-II,9,100000.000,914513.500
Medium,cap102,P3,NSGA-II,9,87500.000,927989.400
Medium,cap102,P3,NSGA-II,9,75000.000,956318.800
Medium,cap102,P3,NSGA-II,9,62500.000,1006820.512
Medium,cap102,P3,NSGA-II,9,50000.000,1080311.500
Medium,cap102,P3,NSGA-II,9,37500.000,1237752.113
Medium,cap102,P3,SPEA2,9,212500.000,748359.625
Medium,cap102,P3,SPEA2,9,137500.000,825491.738
Medium,cap102,P3,SPEA2,9,100000.000,907119.938
Medium,cap102,P3,SPEA2,9,50000.000,1120434.413
Medium,cap102,P3,SPEA2,9,75000.000,947294.662
Medium,cap102,P3,SPEA2,9,37500.000,1245331.988
Medium,cap102,P3,SPEA2,9,225000.000,732676.975
Medium,cap102,P3,SPEA2,9,175000.000,767828.925
Medium,cap102,P3,SPEA2,9,162500.000,777628.738
Medium,cap102,P3,SPEA2,9,150000.000,805252.312
Medium,cap102,P3,SPEA2,9,87500.000,914373.688
Medium,cap102,P3,SPEA2,9,62500.000,999307.638
Medium,cap102,P3,SPEA2,9,187500.000,756346.925
Medium,cap102,P3,SPEA2,9,125000.000,843045.887
Medium,cap102,P3,SPEA2,9,112500.000,875756.600
Medium,cap102,P3,SPEA2,9,237500.000,726216.000
Medium,cap102,P3,NSGA-II,10,200000.000,757259.113
Medium,cap102,P3,NSGA-II,10,187500.000,758016.100
Medium,cap102,P3,NSGA-II,10,175000.000,762636.287
Medium,cap102,P3,NSGA-II,10,162500.000,769176.925
Medium,cap102,P3,NSGA-II,10,150000.000,780347.012
Medium,cap102,P3,NSGA-II,10,137500.000,795023.312
Medium,cap102,P3,NSGA-II,10,125000.000,817497.062
Medium,cap102,P3,NSGA-II,10,112500.000,827135.300
Medium,cap102,P3,NSGA-II,10,100000.000,856483.662
Medium,cap102,P3,NSGA-II,10,87500.000,904961.613
Medium,cap102,P3,NSGA-II,10,75000.000,906115.912
Medium,cap102,P3,NSGA-II,10,62500.000,980126.287
Medium,cap102,P3,NSGA-II,10,50000.000,991252.625
Medium,cap102,P3,NSGA-II,10,37500.000,1237157.800
Medium,cap102,P3,SPEA2,10,125000.000,834769.250
Medium,cap102,P3,SPEA2,10,137500.000,811968.175
Medium,cap102,P3,SPEA2,10,200000.000,758773.312
Medium,cap102,P3,SPEA2,10,100000.000,861550.200
Medium,cap102,P3,SPEA2,10,187500.000,761491.875
Medium,cap102,P3,SPEA2,10,162500.000,780802.525
Medium,cap102,P3,SPEA2,10,87500.000,907204.988
Medium,cap102,P3,SPEA2,10,112500.000,841773.988
Medium,cap102,P3,SPEA2,10,212500.000,747204.875
Medium,cap102,P3,SPEA2,10,62500.000,946859.012
Medium,cap102,P3,SPEA2,10,50000.000,1006731.912
Medium,cap102,P3,SPEA2,10,175000.000,770354.963
Medium,cap102,P3,SPEA2,10,150000.000,799978.162
Medium,cap102,P3,SPEA2,10,37500.000,1201083.500
Medium,cap102,P3,SPEA2,10,225000.000,746057.500
Medium,cap102,P3,SPEA2,10,75000.000,919394.062
Large,cap121,P1,NSGA-II,1,232500.000,713665.562
Large,cap121,P1,NSGA-II,1,30000.000,1243482.450
Large,cap121,P1,NSGA-II,1,37500.000,1108133.812
Large,cap121,P1,NSGA-II,1,82500.000,878420.238
Large,cap121,P1,NSGA-II,1,52500.000,1015472.850
Large,cap121,P1,NSGA-II,1,45000.000,1067687.400
Large,cap121,P1,NSGA-II,1,60000.000,972937.350
Large,cap121,P1,NSGA-II,1,112500.000,810061.887
Large,cap121,P1,NSGA-II,1,67500.000,931941.750
Large,cap121,P1,NSGA-II,1,75000.000,915803.738
Large,cap121,P1,NSGA-II,1,120000.000,809384.938
Large,cap121,P1,NSGA-II,1,202500.000,717477.137
Large,cap121,P1,NSGA-II,1,105000.000,831324.512
Large,cap121,P1,NSGA-II,1,217500.000,715598.150
Large,cap121,P1,NSGA-II,1,180000.000,731293.662
Large,cap121,P1,NSGA-II,1,172500.000,748176.450
Large,cap121,P1,NSGA-II,1,97500.000,847930.113
Large,cap121,P1,NSGA-II,1,90000.000,864543.512
Large,cap121,P1,NSGA-II,1,127500.000,798875.875
Large,cap121,P1,NSGA-II,1,165000.000,758082.188
Large,cap121,P1,NSGA-II,1,157500.000,765092.537
Large,cap121,P1,NSGA-II,1,150000.000,774441.512
Large,cap121,P1,NSGA-II,1,135000.000,789526.900
Large,cap121,P1,NSGA-II,1,142500.000,782158.900
Large,cap121,P1,NSGA-II,1,195000.000,722288.875
Large,cap121,P1,NSGA-II,1,187500.000,726481.925
Large,cap121,P1,NSGA-II,1,225000.000,714645.988
Large,cap121,P1,SPEA2,1,112500.000,787649.688
Large,cap121,P1,SPEA2,1,52500.000,1079006.325
Large,cap121,P1,SPEA2,1,60000.000,961445.075
Large,cap121,P1,SPEA2,1,135000.000,765394.975
Large,cap121,P1,SPEA2,1,75000.000,896249.050
Large,cap121,P1,SPEA2,1,127500.000,774320.662
Large,cap121,P1,SPEA2,1,187500.000,724766.562
Large,cap121,P1,SPEA2,1,195000.000,718615.762
Large,cap121,P1,SPEA2,1,120000.000,778855.037
Large,cap121,P1,SPEA2,1,142500.000,759619.975
Large,cap121,P1,SPEA2,1,97500.000,817691.438
Large,cap121,P1,SPEA2,1,217500.000,693432.213
Large,cap121,P1,SPEA2,1,105000.000,816303.938
Large,cap121,P1,SPEA2,1,180000.000,728032.562
Large,cap121,P1,SPEA2,1,82500.000,864446.338
Large,cap121,P1,SPEA2,1,90000.000,838167.750
Large,cap121,P1,SPEA2,1,157500.000,751543.775
Large,cap121,P1,SPEA2,1,172500.000,738754.150
Large,cap121,P1,SPEA2,1,202500.000,716757.188
Large,cap121,P1,SPEA2,1,67500.000,929642.363
Large,cap121,P1,SPEA2,1,225000.000,687281.412
Large,cap121,P1,SPEA2,1,210000.000,699777.075
Large,cap121,P1,SPEA2,1,45000.000,1114432.238
Large,cap121,P1,SPEA2,1,165000.000,745238.275
Large,cap121,P1,SPEA2,1,37500.000,1238814.975
Large,cap121,P1,SPEA2,1,30000.000,1269459.775
Large,cap121,P1,NSGA-II,2,210000.000,701421.575
Large,cap121,P1,NSGA-II,2,30000.000,1265732.287
Large,cap121,P1,NSGA-II,2,37500.000,1141593.688
Large,cap121,P1,NSGA-II,2,45000.000,1017848.588
Large,cap121,P1,NSGA-II,2,67500.000,896271.925
Large,cap121,P1,NSGA-II,2,60000.000,930598.963
Large,cap121,P1,NSGA-II,2,52500.000,989236.950
Large,cap121,P1,NSGA-II,2,135000.000,757757.925
Large,cap121,P1,NSGA-II,2,150000.000,744987.688
Large,cap121,P1,NSGA-II,2,82500.000,859927.575
Large,cap121,P1,NSGA-II,2,75000.000,888187.637
Large,cap121,P1,NSGA-II,2,97500.000,816397.113
Large,cap121,P1,NSGA-II,2,90000.000,843270.238
Large,cap121,P1,NSGA-II,2,127500.000,772791.512
Large,cap121,P1,NSGA-II,2,165000.000,721869.812
Large,cap121,P1,NSGA-II,2,157500.000,736133.050
Large,cap121,P1,NSGA-II,2,105000.000,802597.425
Large,cap121,P1,NSGA-II,2,120000.000,780875.800
Large,cap121,P1,NSGA-II,2,112500.000,791872.450
Large,cap121,P1,NSGA-II,2,172500.000,713783.800
Large,cap121,P1,NSGA-II,2,195000.000,706275.162
Large,cap121,P1,NSGA-II,2,187500.000,710110.925
Large,cap121,P1,NSGA-II,2,202500.000,704031.325
Large,cap121,P1,NSGA-II,2,180000.000,712720.675
Large,cap121,P1,SPEA2,2,75000.000,892204.113
Large,cap121,P1,SPEA2,2,135000.000,730567.325
Large,cap121,P1,SPEA2,2,105000.000,793273.662
Large,cap121,P1,SPEA2,2,142500.000,720028.325
Large,cap121,P1,SPEA2,2,90000.000,836742.637
Large,cap121,P1,SPEA2,2,30000.000,1254156.887
Large,cap121,P1,SPEA2,2,52500.000,1000602.375
Large,cap121,P1,SPEA2,2,97500.000,808899.688
Large,cap121,P1,SPEA2,2,180000.000,692905.787
Large,cap121,P1,SPEA2,2,127500.000,733563.725
Large,cap121,P1,SPEA2,2,82500.000,864746.250
Large,cap121,P1,SPEA2,2,112500.000,766132.775
Large,cap121,P1,SPEA2,2,172500.000,694137.488
Large,cap121,P1,SPEA2,2,67500.000,920525.062
Large,cap121,P1,SPEA2,2,45000.000,1037337.612
Large,cap121,P1,SPEA2,2,150000.000,705894.900
Large,cap121,P1,SPEA2,2,60000.000,966673.688
Large,cap121,P1,SPEA2,2,37500.000,1068458.012
Large,cap121,P1,SPEA2,2,195000.000,691748.012
Large,cap121,P1,SPEA2,2,120000.000,757169.975
Large,cap121,P1,SPEA2,2,187500.000,691960.512
Large,cap121,P1,SPEA2,2,165000.000,695730.550
Large,cap121,P1,SPEA2,2,157500.000,704584.762
Large,cap121,P1,NSGA-II,3,202500.000,701907.588
Large,cap121,P1,NSGA-II,3,30000.000,1469877.413
Large,cap121,P1,NSGA-II,3,37500.000,1155944.113
Large,cap121,P1,NSGA-II,3,45000.000,1009089.000
Large,cap121,P1,NSGA-II,3,52500.000,935048.738
Large,cap121,P1,NSGA-II,3,60000.000,903982.262
Large,cap121,P1,NSGA-II,3,67500.000,874744.137
Large,cap121,P1,NSGA-II,3,105000.000,780203.800
Large,cap121,P1,NSGA-II,3,97500.000,806918.275
Large,cap121,P1,NSGA-II,3,120000.000,751042.637
Large,cap121,P1,NSGA-II,3,112500.000,777106.338
Large,cap121,P1,NSGA-II,3,82500.000,840924.275
Large,cap121,P1,NSGA-II,3,75000.000,861551.825
Large,cap121,P1,NSGA-II,3,90000.000,820652.988
Large,cap121,P1,NSGA-II,3,135000.000,735599.812
Large,cap121,P1,NSGA-II,3,127500.000,744509.012
Large,cap121,P1,NSGA-II,3,142500.000,729762.100
Large,cap121,P1,NSGA-II,3,157500.000,722292.000
Large,cap121,P1,NSGA-II,3,150000.000,727761.325
Large,cap121,P1,NSGA-II,3,187500.000,706701.713
Large,cap121,P1,NSGA-II,3,180000.000,711889.825
Large,cap121,P1,NSGA-II,3,172500.000,715778.050
Large,cap121,P1,NSGA-II,3,165000.000,720291.225
Large,cap121,P1,NSGA-II,3,195000.000,703908.363
Large,cap121,P1,SPEA2,3,150000.000,741414.475
Large,cap121,P1,SPEA2,3,165000.000,736391.012
Large,cap121,P1,SPEA2,3,112500.000,782896.275
Large,cap121,P1,SPEA2,3,97500.000,816504.000
Large,cap121,P1,SPEA2,3,52500.000,1008424.875
Large,cap121,P1,SPEA2,3,45000.000,1027223.988
Large,cap121,P1,SPEA2,3,105000.000,794063.137
Large,cap121,P1,SPEA2,3,30000.000,1469877.413
Large,cap121,P1,SPEA2,3,180000.000,720892.275
Large,cap121,P1,SPEA2,3,142500.000,745802.050
Large,cap121,P1,SPEA2,3,127500.000,766267.800
Large,cap121,P1,SPEA2,3,135000.000,750489.613
Large,cap121,P1,SPEA2,3,90000.000,834533.162
Large,cap121,P1,SPEA2,3,172500.000,725279.850
Large,cap121,P1,SPEA2,3,82500.000,856974.025
Large,cap121,P1,SPEA2,3,37500.000,1156407.587
Large,cap121,P1,SPEA2,3,75000.000,868140.887
Large,cap121,P1,SPEA2,3,120000.000,782780.738
Large,cap121,P1,SPEA2,3,67500.000,913461.887
Large,cap121,P1,SPEA2,3,60000.000,932261.000
Large,cap121,P1,NSGA-II,4,210000.000,693698.262
Large,cap121,P1,NSGA-II,4,30000.000,1189507.137
Large,cap121,P1,NSGA-II,4,37500.000,1065455.938
Large,cap121,P1,NSGA-II,4,45000.000,997413.575
Large,cap121,P1,NSGA-II,4,67500.000,924873.438
Large,cap121,P1,NSGA-II,4,60000.000,963078.800
Large,cap121,P1,NSGA-II,4,120000.000,765447.588
Large,cap121,P1,NSGA-II,4,82500.000,869988.800
Large,cap121,P1,NSGA-II,4,75000.000,903570.625
Large,cap121,P1,NSGA-II,4,135000.000,743903.938
Large,cap121,P1,NSGA-II,4,90000.000,839366.000
Large,cap121,P1,NSGA-II,4,195000.000,695807.850
Large,cap121,P1,NSGA-II,4,112500.000,779911.775
Large,cap121,P1,NSGA-II,4,105000.000,802729.425
Large,cap121,P1,NSGA-II,4,97500.000,818063.188
Large,cap121,P1,NSGA-II,4,52500.000,976110.762
Large,cap121,P1,NSGA-II,4,150000.000,713133.262
Large,cap121,P1,NSGA-II,4,142500.000,733621.762
Large,cap121,P1,NSGA-II,4,157500.000,706192.537
Large,cap121,P1,NSGA-II,4,187500.000,698484.850
Large,cap121,P1,NSGA-II,4,180000.000,700970.637
Large,cap121,P1,NSGA-II,4,172500.000,703647.637
Large,cap121,P1,NSGA-II,4,165000.000,705396.825
Large,cap121,P1,SPEA2,4,37500.000,1217796.913
Large,cap121,P1,SPEA2,4,97500.000,780702.650
Large,cap121,P1,SPEA2,4,165000.000,730982.375
Large,cap121,P1,SPEA2,4,180000.000,718358.488
Large,cap121,P1,SPEA2,4,82500.000,802089.350
Large,cap121,P1,SPEA2,4,157500.000,734566.863
Large,cap121,P1,SPEA2,4,75000.000,818084.037
Large,cap121,P1,SPEA2,4,112500.000,772922.450
Large,cap121,P1,SPEA2,4,45000.000,1190054.012
Large,cap121,P1,SPEA2,4,172500.000,722049.550
Large,cap121,P1,SPEA2,4,105000.000,779730.512
Large,cap121,P1,SPEA2,4,142500.000,742198.500
Large,cap121,P1,SPEA2,4,127500.000,750911.100
Large,cap121,P1,SPEA2,4,135000.000,743130.900
Large,cap121,P1,SPEA2,4,120000.000,766905.787
Large,cap121,P1,SPEA2,4,90000.000,796697.338
Large,cap121,P1,SPEA2,4,150000.000,739283.738
Large,cap121,P1,SPEA2,4,67500.000,853471.137
Large,cap121,P1,SPEA2,4,60000.000,898925.450
Large,cap121,P1,SPEA2,4,52500.000,924470.500
Large,cap121,P1,SPEA2,4,30000.000,1230551.000
Large,cap121,P1,NSGA-II,5,217500.000,707374.575
Large,cap121,P1,NSGA-II,5,30000.000,1448655.075
Large,cap121,P1,NSGA-II,5,37500.000,1094600.238
Large,cap121,P1,NSGA-II,5,45000.000,978219.625
Large,cap121,P1,NSGA-II,5,60000.000,877389.662
Large,cap121,P1,NSGA-II,5,52500.000,955417.688
Large,cap121,P1,NSGA-II,5,75000.000,834907.137
Large,cap121,P1,NSGA-II,5,112500.000,789138.438
Large,cap121,P1,NSGA-II,5,210000.000,708404.963
Large,cap121,P1,NSGA-II,5,67500.000,848985.537
Large,cap121,P1,NSGA-II,5,120000.000,773738.275
Large,cap121,P1,NSGA-II,5,82500.000,821269.887
Large,cap121,P1,NSGA-II,5,97500.000,799428.125
Large,cap121,P1,NSGA-II,5,90000.000,812620.637
Large,cap121,P1,NSGA-II,5,142500.000,749232.262
Large,cap121,P1,NSGA-II,5,135000.000,761642.188
Large,cap121,P1,NSGA-II,5,165000.000,727199.600
Large,cap121,P1,NSGA-II,5,157500.000,737582.500
Large,cap121,P1,NSGA-II,5,127500.000,770581.713
Large,cap121,P1,NSGA-II,5,105000.000,796233.550
Large,cap121,P1,NSGA-II,5,150000.000,742928.162
Large,cap121,P1,NSGA-II,5,172500.000,721324.838
Large,cap121,P1,NSGA-II,5,202500.000,710404.512
Large,cap121,P1,NSGA-II,5,195000.000,713680.262
Large,cap121,P1,NSGA-II,5,187500.000,715969.762
Large,cap121,P1,NSGA-II,5,180000.000,719035.338
Large,cap121,P1,SPEA2,5,52500.000,945672.500
Large,cap121,P1,SPEA2,5,142500.000,736157.825
Large,cap121,P1,SPEA2,5,60000.000,877630.137
Large,cap121,P1,SPEA2,5,120000.000,772903.338
Large,cap121,P1,SPEA2,5,105000.000,791004.762
Large,cap121,P1,SPEA2,5,97500.000,804299.162
Large,cap121,P1,SPEA2,5,90000.000,817787.475
Large,cap121,P1,SPEA2,5,82500.000,832852.575
Large,cap121,P1,SPEA2,5,187500.000,698406.200
Large,cap121,P1,SPEA2,5,112500.000,774833.713
Large,cap121,P1,SPEA2,5,150000.000,724981.050
Large,cap121,P1,SPEA2,5,75000.000,840721.575
Large,cap121,P1,SPEA2,5,67500.000,864577.325
Large,cap121,P1,SPEA2,5,135000.000,747530.450
Large,cap121,P1,SPEA2,5,157500.000,722590.850
Large,cap121,P1,SPEA2,5,172500.000,699799.262
Large,cap121,P1,SPEA2,5,165000.000,712575.425
Large,cap121,P1,SPEA2,5,127500.000,766762.475
Large,cap121,P1,SPEA2,5,180000.000,699164.188
Large,cap121,P1,SPEA2,5,45000.000,1056219.887
Large,cap121,P1,SPEA2,5,37500.000,1116400.775
Large,cap121,P1,SPEA2,5,195000.000,696479.000
Large,cap121,P1,SPEA2,5,30000.000,1447779.712
Large,cap121,P1,NSGA-II,6,202500.000,708611.438
Large,cap121,P1,NSGA-II,6,30000.000,1373124.337
Large,cap121,P1,NSGA-II,6,45000.000,1148980.700
Large,cap121,P1,NSGA-II,6,37500.000,1285815.038
Large,cap121,P1,NSGA-II,6,52500.000,1028586.412
Large,cap121,P1,NSGA-II,6,90000.000,837176.225
Large,cap121,P1,NSGA-II,6,82500.000,886924.387
Large,cap121,P1,NSGA-II,6,67500.000,946102.688
Large,cap121,P1,NSGA-II,6,60000.000,989114.363
Large,cap121,P1,NSGA-II,6,75000.000,928518.037
Large,cap121,P1,NSGA-II,6,105000.000,807108.875
Large,cap121,P1,NSGA-II,6,97500.000,822601.400
Large,cap121,P1,NSGA-II,6,142500.000,756085.650
Large,cap121,P1,NSGA-II,6,135000.000,770123.500
Large,cap121,P1,NSGA-II,6,120000.000,784481.938
Large,cap121,P1,NSGA-II,6,112500.000,797556.125
Large,cap121,P1,NSGA-II,6,127500.000,774030.725
Large,cap121,P1,NSGA-II,6,157500.000,741508.700
Large,cap121,P1,NSGA-II,6,150000.000,751771.488
Large,cap121,P1,NSGA-II,6,165000.000,732421.137
Large,cap121,P1,NSGA-II,6,195000.000,712720.613
Large,cap121,P1,NSGA-II,6,187500.000,720850.500
Large,cap121,P1,NSGA-II,6,180000.000,727145.100
Large,cap121,P1,NSGA-II,6,172500.000,727511.375
Large,cap121,P1,SPEA2,6,60000.000,915086.787
Large,cap121,P1,SPEA2,6,157500.000,763456.250
Large,cap121,P1,SPEA2,6,67500.000,892339.600
Large,cap121,P1,SPEA2,6,172500.000,744551.988
Large,cap121,P1,SPEA2,6,105000.000,811218.350
Large,cap121,P1,SPEA2,6,120000.000,805971.738
Large,cap121,P1,SPEA2,6,135000.000,793604.775
Large,cap121,P1,SPEA2,6,142500.000,777453.575
Large,cap121,P1,SPEA2,6,165000.000,748768.700
Large,cap121,P1,SPEA2,6,180000.000,738476.387
Large,cap121,P1,SPEA2,6,97500.000,817130.463
Large,cap121,P1,SPEA2,6,75000.000,879369.037
Large,cap121,P1,SPEA2,6,82500.000,847979.175
Large,cap121,P1,SPEA2,6,90000.000,831965.200
Large,cap121,P1,SPEA2,6,150000.000,769036.450
Large,cap121,P1,SPEA2,6,127500.000,802021.900
Large,cap121,P1,SPEA2,6,45000.000,1160106.712
Large,cap121,P1,SPEA2,6,52500.000,1050194.587
Large,cap121,P1,SPEA2,6,37500.000,1239404.100
Large,cap121,P1,SPEA2,6,30000.000,1374386.287
Large,cap121,P1,SPEA2,6,187500.000,734627.988
Large,cap121,P1,NSGA-II,7,210000.000,716399.062
Large,cap121,P1,NSGA-II,7,30000.000,1221515.337
Large,cap121,P1,NSGA-II,7,37500.000,1088588.812
Large,cap121,P1,NSGA-II,7,82500.000,848586.238
Large,cap121,P1,NSGA-II,7,45000.000,1006120.012
Large,cap121,P1,NSGA-II,7,75000.000,895616.825
Large,cap121,P1,NSGA-II,7,67500.000,912649.912
Large,cap121,P1,NSGA-II,7,60000.000,947094.950
Large,cap121,P1,NSGA-II,7,52500.000,979469.825
Large,cap121,P1,NSGA-II,7,120000.000,780665.787
Large,cap121,P1,NSGA-II,7,105000.000,797281.650
Large,cap121,P1,NSGA-II,7,97500.000,825193.675
Large,cap121,P1,NSGA-II,7,195000.000,718349.650
Large,cap121,P1,NSGA-II,7,90000.000,831988.738
Large,cap121,P1,NSGA-II,7,180000.000,726825.325
Large,cap121,P1,NSGA-II,7,172500.000,738807.400
Large,cap121,P1,NSGA-II,7,142500.000,759137.400
Large,cap121,P1,NSGA-II,7,135000.000,769355.525
Large,cap121,P1,NSGA-II,7,165000.000,739251.262
Large,cap121,P1,NSGA-II,7,157500.000,748846.825
Large,cap121,P1,NSGA-II,7,112500.000,788594.688
Large,cap121,P1,NSGA-II,7,127500.000,777284.425
Large,cap121,P1,NSGA-II,7,150000.000,751233.338
Large,cap121,P1,NSGA-II,7,187500.000,721661.050
Large,cap121,P1,SPEA2,7,90000.000,869046.463
Large,cap121,P1,SPEA2,7,67500.000,915318.137
Large,cap121,P1,SPEA2,7,172500.000,726562.812
Large,cap121,P1,SPEA2,7,142500.000,761643.475
Large,cap121,P1,SPEA2,7,157500.000,745487.137
Large,cap121,P1,SPEA2,7,52500.000,972167.025
Large,cap121,P1,SPEA2,7,82500.000,875176.787
Large,cap121,P1,SPEA2,7,45000.000,1015805.112
Large,cap121,P1,SPEA2,7,37500.000,1098273.913
Large,cap121,P1,SPEA2,7,187500.000,714011.600
Large,cap121,P1,SPEA2,7,30000.000,1222325.113
Large,cap121,P1,SPEA2,7,97500.000,858203.887
Large,cap121,P1,SPEA2,7,127500.000,805556.425
Large,cap121,P1,SPEA2,7,165000.000,737518.912
Large,cap121,P1,SPEA2,7,202500.000,703861.963
Large,cap121,P1,SPEA2,7,195000.000,705036.387
Large,cap121,P1,SPEA2,7,120000.000,811932.963
Large,cap121,P1,SPEA2,7,210000.000,702417.963
Large,cap121,P1,SPEA2,7,217500.000,701379.775
Large,cap121,P1,SPEA2,7,105000.000,846294.812
Large,cap121,P1,SPEA2,7,75000.000,890384.075
Large,cap121,P1,SPEA2,7,112500.000,823717.188
Large,cap121,P1,SPEA2,7,60000.000,942225.850
Large,cap121,P1,SPEA2,7,135000.000,791030.425
Large,cap121,P1,NSGA-II,8,210000.000,715476.875
Large,cap121,P1,NSGA-II,8,30000.000,1250767.413
Large,cap121,P1,NSGA-II,8,45000.000,1110536.350
Large,cap121,P1,NSGA-II,8,37500.000,1209474.400
Large,cap121,P1,NSGA-II,8,67500.000,904248.600
Large,cap121,P1,NSGA-II,8,60000.000,989269.575
Large,cap121,P1,NSGA-II,8,52500.000,1039424.912
Large,cap121,P1,NSGA-II,8,165000.000,736917.900
Large,cap121,P1,NSGA-II,8,187500.000,733884.375
Large,cap121,P1,NSGA-II,8,75000.000,879977.137
Large,cap121,P1,NSGA-II,8,157500.000,759028.350
Large,cap121,P1,NSGA-II,8,90000.000,841570.425
Large,cap121,P1,NSGA-II,8,82500.000,860898.075
Large,cap121,P1,NSGA-II,8,105000.000,816587.750
Large,cap121,P1,NSGA-II,8,97500.000,835666.812
Large,cap121,P1,NSGA-II,8,127500.000,782856.738
Large,cap121,P1,NSGA-II,8,120000.000,799144.938
Large,cap121,P1,NSGA-II,8,112500.000,811846.363
Large,cap121,P1,NSGA-II,8,195000.000,723064.838
Large,cap121,P1,NSGA-II,8,142500.000,768398.787
Large,cap121,P1,NSGA-II,8,135000.000,777145.550
Large,cap121,P1,NSGA-II,8,150000.000,764047.588
Large,cap121,P1,NSGA-II,8,202500.000,718251.562
Large,cap121,P1,SPEA2,8,105000.000,866212.662
Large,cap121,P1,SPEA2,8,127500.000,821923.850
Large,cap121,P1,SPEA2,8,120000.000,847506.475
Large,cap121,P1,SPEA2,8,60000.000,945640.675
Large,cap121,P1,SPEA2,8,37500.000,1118256.038
Large,cap121,P1,SPEA2,8,30000.000,1262611.788
Large,cap121,P1,SPEA2,8,135000.000,807161.412
Large,cap121,P1,SPEA2,8,82500.000,902808.262
Large,cap121,P1,SPEA2,8,90000.000,894758.325
Large,cap121,P1,SPEA2,8,67500.000,934834.800
Large,cap121,P1,SPEA2,8,97500.000,880728.575
Large,cap121,P1,SPEA2,8,75000.000,922211.988
Large,cap121,P1,SPEA2,8,112500.000,853869.512
Large,cap121,P1,SPEA2,8,172500.000,766221.738
Large,cap121,P1,SPEA2,8,142500.000,802653.412
Large,cap121,P1,SPEA2,8,157500.000,780004.375
Large,cap121,P1,SPEA2,8,165000.000,773739.787
Large,cap121,P1,SPEA2,8,150000.000,792536.512
Large,cap121,P1,SPEA2,8,45000.000,1042120.338
Large,cap121,P1,SPEA2,8,52500.000,975565.400
Large,cap121,P1,SPEA2,8,195000.000,723641.088
Large,cap121,P1,SPEA2,8,180000.000,750029.175
Large,cap121,P1,SPEA2,8,187500.000,733903.875
Large,cap121,P1,NSGA-II,9,187500.000,732883.838
Large,cap121,P1,NSGA-II,9,30000.000,1109888.000
Large,cap121,P1,NSGA-II,9,52500.000,958884.850
Large,cap121,P1,NSGA-II,9,45000.000,1046507.725
Large,cap121,P1,NSGA-II,9,75000.000,825686.612
Large,cap121,P1,NSGA-II,9,67500.000,895578.050
Large,cap121,P1,NSGA-II,9,165000.000,735182.162
Large,cap121,P1,NSGA-II,9,60000.000,897599.350
Large,cap121,P1,NSGA-II,9,90000.000,802403.162
Large,cap121,P1,NSGA-II,9,37500.000,1080765.125
Large,cap121,P1,NSGA-II,9,157500.000,741869.875
Large,cap121,P1,NSGA-II,9,120000.000,773199.612
Large,cap121,P1,NSGA-II,9,112500.000,794330.213
Large,cap121,P1,NSGA-II,9,82500.000,805630.487
Large,cap121,P1,NSGA-II,9,105000.000,795365.925
Large,cap121,P1,NSGA-II,9,135000.000,752981.425
Large,cap121,P1,NSGA-II,9,127500.000,766843.200
Large,cap121,P1,NSGA-II,9,142500.000,746293.713
Large,cap121,P1,NSGA-II,9,150000.000,742297.713
Large,cap121,P1,SPEA2,9,75000.000,867632.137
Large,cap121,P1,SPEA2,9,67500.000,880213.387
Large,cap121,P1,SPEA2,9,60000.000,913956.800
Large,cap121,P1,SPEA2,9,150000.000,767861.363
Large,cap121,P1,SPEA2,9,52500.000,962711.900
Large,cap121,P1,SPEA2,9,97500.000,826250.925
Large,cap121,P1,SPEA2,9,127500.000,795235.113
Large,cap121,P1,SPEA2,9,172500.000,748669.912
Large,cap121,P1,SPEA2,9,37500.000,1060135.262
Large,cap121,P1,SPEA2,9,82500.000,845371.000
Large,cap121,P1,SPEA2,9,30000.000,1125785.625
Large,cap121,P1,SPEA2,9,180000.000,747882.887
Large,cap121,P1,SPEA2,9,165000.000,755917.350
Large,cap121,P1,SPEA2,9,45000.000,1010090.262
Large,cap121,P1,SPEA2,9,135000.000,778451.575
Large,cap121,P1,SPEA2,9,142500.000,771253.475
Large,cap121,P1,SPEA2,9,120000.000,806226.162
Large,cap121,P1,SPEA2,9,90000.000,843784.762
Large,cap121,P1,SPEA2,9,105000.000,817496.750
Large,cap121,P1,SPEA2,9,157500.000,760663.262
Large,cap121,P1,SPEA2,9,112500.000,810298.650
Large,cap121,P1,SPEA2,9,187500.000,744356.012
Large,cap121,P1,NSGA-II,10,217500.000,705510.662
Large,cap121,P1,NSGA-II,10,30000.000,1689163.312
Large,cap121,P1,NSGA-II,10,37500.000,1146320.438
Large,cap121,P1,NSGA-II,10,142500.000,778521.075
Large,cap121,P1,NSGA-II,10,67500.000,967240.850
Large,cap121,P1,NSGA-II,10,52500.000,1019883.387
Large,cap121,P1,NSGA-II,10,45000.000,1101068.425
Large,cap121,P1,NSGA-II,10,75000.000,955140.475
Large,cap121,P1,NSGA-II,10,187500.000,714060.875
Large,cap121,P1,NSGA-II,10,127500.000,802079.175
Large,cap121,P1,NSGA-II,10,60000.000,1006611.762
Large,cap121,P1,NSGA-II,10,90000.000,900199.938
Large,cap121,P1,NSGA-II,10,82500.000,933452.262
Large,cap121,P1,NSGA-II,10,105000.000,861787.150
Large,cap121,P1,NSGA-II,10,97500.000,891632.938
Large,cap121,P1,NSGA-II,10,112500.000,834358.650
Large,cap121,P1,NSGA-II,10,120000.000,815353.238
Large,cap121,P1,NSGA-II,10,157500.000,753220.800
Large,cap121,P1,NSGA-II,10,150000.000,768306.050
Large,cap121,P1,NSGA-II,10,180000.000,727378.075
Large,cap121,P1,NSGA-II,10,172500.000,735553.000
Large,cap121,P1,NSGA-II,10,165000.000,747585.100
Large,cap121,P1,NSGA-II,10,202500.000,707113.312
Large,cap121,P1,NSGA-II,10,195000.000,712671.988
Large,cap121,P1,NSGA-II,10,210000.000,705724.425
Large,cap121,P1,SPEA2,10,105000.000,840439.688
Large,cap121,P1,SPEA2,10,97500.000,846835.150
Large,cap121,P1,SPEA2,10,187500.000,723764.762
Large,cap121,P1,SPEA2,10,30000.000,1689163.312
Large,cap121,P1,SPEA2,10,52500.000,977553.062
Large,cap121,P1,SPEA2,10,90000.000,860538.463
Large,cap121,P1,SPEA2,10,165000.000,739142.662
Large,cap121,P1,SPEA2,10,45000.000,1021687.213
Large,cap121,P1,SPEA2,10,210000.000,715441.325
Large,cap121,P1,SPEA2,10,75000.000,929129.675
Large,cap121,P1,SPEA2,10,120000.000,794762.700
Large,cap121,P1,SPEA2,10,82500.000,880506.213
Large,cap121,P1,SPEA2,10,37500.000,1123477.613
Large,cap121,P1,SPEA2,10,67500.000,949687.125
Large,cap121,P1,SPEA2,10,112500.000,813015.312
Large,cap121,P1,SPEA2,10,127500.000,793156.225
Large,cap121,P1,SPEA2,10,135000.000,764135.075
Large,cap121,P1,SPEA2,10,142500.000,762135.262
Large,cap121,P1,SPEA2,10,180000.000,729482.963
Large,cap121,P1,SPEA2,10,172500.000,731728.350
Large,cap121,P1,SPEA2,10,195000.000,721843.188
Large,cap121,P1,SPEA2,10,150000.000,750298.325
Large,cap121,P1,SPEA2,10,157500.000,748298.512
Large,cap121,P1,SPEA2,10,202500.000,718051.075
Large,cap121,P2,NSGA-II,1,210000.000,699613.525
Large,cap121,P2,NSGA-II,1,30000.000,1235906.475
Large,cap121,P2,NSGA-II,1,37500.000,1088506.925
Large,cap121,P2,NSGA-II,1,45000.000,998253.987
Large,cap121,P2,NSGA-II,1,60000.000,896527.912
Large,cap121,P2,NSGA-II,1,52500.000,962742.550
Large,cap121,P2,NSGA-II,1,82500.000,820794.762
Large,cap121,P2,NSGA-II,1,127500.000,759595.238
Large,cap121,P2,NSGA-II,1,120000.000,781454.488
Large,cap121,P2,NSGA-II,1,97500.000,804029.650
Large,cap121,P2,NSGA-II,1,75000.000,849781.625
Large,cap121,P2,NSGA-II,1,67500.000,893662.287
Large,cap121,P2,NSGA-II,1,112500.000,785220.363
Large,cap121,P2,NSGA-II,1,142500.000,736154.300
Large,cap121,P2,NSGA-II,1,135000.000,753666.637
Large,cap121,P2,NSGA-II,1,157500.000,717793.912
Large,cap121,P2,NSGA-II,1,150000.000,733775.925
Large,cap121,P2,NSGA-II,1,90000.000,818037.887
Large,cap121,P2,NSGA-II,1,105000.000,793910.325
Large,cap121,P2,NSGA-II,1,165000.000,710549.012
Large,cap121,P2,NSGA-II,1,172500.000,706713.963
Large,cap121,P2,NSGA-II,1,187500.000,703609.575
Large,cap121,P2,NSGA-II,1,180000.000,705733.125
Large,cap121,P2,NSGA-II,1,202500.000,700047.175
Large,cap121,P2,NSGA-II,1,195000.000,702170.725
Large,cap121,P2,SPEA2,1,67500.000,889727.838
Large,cap121,P2,SPEA2,1,97500.000,816310.325
Large,cap121,P2,SPEA2,1,150000.000,729140.312
Large,cap121,P2,SPEA2,1,135000.000,733944.950
Large,cap121,P2,SPEA2,1,75000.000,851796.463
Large,cap121,P2,SPEA2,1,90000.000,826276.412
Large,cap121,P2,SPEA2,1,52500.000,971053.287
Large,cap121,P2,SPEA2,1,82500.000,838459.062
Large,cap121,P2,SPEA2,1,120000.000,770412.700
Large,cap121,P2,SPEA2,1,157500.000,719443.475
Large,cap121,P2,SPEA2,1,60000.000,909344.750
Large,cap121,P2,SPEA2,1,142500.000,730675.025
Large,cap121,P2,SPEA2,1,187500.000,709680.325
Large,cap121,P2,SPEA2,1,45000.000,1070148.400
Large,cap121,P2,SPEA2,1,165000.000,715608.425
Large,cap121,P2,SPEA2,1,127500.000,740322.575
Large,cap121,P2,SPEA2,1,105000.000,806557.088
Large,cap121,P2,SPEA2,1,172500.000,712084.012
Large,cap121,P2,SPEA2,1,112500.000,784463.450
Large,cap121,P2,SPEA2,1,37500.000,1212006.137
Large,cap121,P2,SPEA2,1,202500.000,709244.050
Large,cap121,P2,SPEA2,1,180000.000,710782.500
Large,cap121,P2,SPEA2,1,30000.000,1269459.775
Large,cap121,P2,NSGA-II,2,225000.000,717853.025
Large,cap121,P2,NSGA-II,2,30000.000,1261540.575
Large,cap121,P2,NSGA-II,2,45000.000,968520.438
Large,cap121,P2,NSGA-II,2,37500.000,1153037.113
Large,cap121,P2,NSGA-II,2,52500.000,939890.688
Large,cap121,P2,NSGA-II,2,210000.000,719756.037
Large,cap121,P2,NSGA-II,2,195000.000,721406.662
Large,cap121,P2,NSGA-II,2,120000.000,768160.088
Large,cap121,P2,NSGA-II,2,60000.000,902407.425
Large,cap121,P2,NSGA-II,2,67500.000,865938.963
Large,cap121,P2,NSGA-II,2,127500.000,755409.987
Large,cap121,P2,NSGA-II,2,150000.000,743581.262
Large,cap121,P2,NSGA-II,2,112500.000,772149.488
Large,cap121,P2,NSGA-II,2,105000.000,799862.675
Large,cap121,P2,NSGA-II,2,142500.000,749419.812
Large,cap121,P2,NSGA-II,2,172500.000,734411.400
Large,cap121,P2,NSGA-II,2,165000.000,736412.175
Large,cap121,P2,NSGA-II,2,75000.000,841172.125
Large,cap121,P2,NSGA-II,2,90000.000,813883.925
Large,cap121,P2,NSGA-II,2,82500.000,828351.625
Large,cap121,P2,NSGA-II,2,97500.000,808456.100
Large,cap121,P2,NSGA-II,2,187500.000,725309.050
Large,cap121,P2,NSGA-II,2,180000.000,731741.975
Large,cap121,P2,NSGA-II,2,157500.000,739052.287
Large,cap121,P2,SPEA2,2,165000.000,718211.550
Large,cap121,P2,SPEA2,2,127500.000,747809.700
Large,cap121,P2,SPEA2,2,105000.000,762480.537
Large,cap121,P2,SPEA2,2,112500.000,751303.387
Large,cap121,P2,SPEA2,2,97500.000,783306.562
Large,cap121,P2,SPEA2,2,45000.000,1052149.300
Large,cap121,P2,SPEA2,2,75000.000,826757.762
Large,cap121,P2,SPEA2,2,67500.000,863624.238
Large,cap121,P2,SPEA2,2,90000.000,788643.738
Large,cap121,P2,SPEA2,2,157500.000,730813.575
Large,cap121,P2,SPEA2,2,142500.000,734228.512
Large,cap121,P2,SPEA2,2,82500.000,805216.150
Large,cap121,P2,SPEA2,2,135000.000,737289.338
Large,cap121,P2,SPEA2,2,60000.000,885165.850
Large,cap121,P2,SPEA2,2,37500.000,1152048.262
Large,cap121,P2,SPEA2,2,52500.000,927549.700
Large,cap121,P2,SPEA2,2,30000.000,1271941.762
Large,cap121,P2,SPEA2,2,120000.000,750753.500
Large,cap121,P2,SPEA2,2,150000.000,733229.613
Large,cap121,P2,NSGA-II,3,165000.000,685749.900
Large,cap121,P2,NSGA-II,3,157500.000,691461.088
Large,cap121,P2,NSGA-II,3,150000.000,694017.637
Large,cap121,P2,NSGA-II,3,142500.000,704547.037
Large,cap121,P2,NSGA-II,3,135000.000,710258.225
Large,cap121,P2,NSGA-II,3,127500.000,714234.825
Large,cap121,P2,NSGA-II,3,120000.000,724845.537
Large,cap121,P2,NSGA-II,3,112500.000,730556.725
Large,cap121,P2,NSGA-II,3,105000.000,740245.238
Large,cap121,P2,NSGA-II,3,97500.000,745956.425
Large,cap121,P2,NSGA-II,3,90000.000,767890.213
Large,cap121,P2,NSGA-II,3,82500.000,806738.375
Large,cap121,P2,NSGA-II,3,75000.000,826708.075
Large,cap121,P2,NSGA-II,3,67500.000,850209.887
Large,cap121,P2,NSGA-II,3,60000.000,883203.000
Large,cap121,P2,NSGA-II,3,52500.000,925521.488
Large,cap121,P2,NSGA-II,3,45000.000,991159.950
Large,cap121,P2,NSGA-II,3,37500.000,1208111.500
Large,cap121,P2,NSGA-II,3,30000.000,1256620.125
Large,cap121,P2,SPEA2,3,37500.000,1216380.337
Large,cap121,P2,SPEA2,3,60000.000,956734.713
Large,cap121,P2,SPEA2,3,172500.000,703664.950
Large,cap121,P2,SPEA2,3,67500.000,915265.300
Large,cap121,P2,SPEA2,3,97500.000,798551.125
Large,cap121,P2,SPEA2,3,165000.000,722491.963
Large,cap121,P2,SPEA2,3,75000.000,884198.825
Large,cap121,P2,SPEA2,3,45000.000,1062949.712
Large,cap121,P2,SPEA2,3,142500.000,751369.325
Large,cap121,P2,SPEA2,3,112500.000,780909.900
Large,cap121,P2,SPEA2,3,127500.000,757880.525
Large,cap121,P2,SPEA2,3,52500.000,999053.200
Large,cap121,P2,SPEA2,3,90000.000,839548.850
Large,cap121,P2,SPEA2,3,135000.000,752969.300
Large,cap121,P2,SPEA2,3,120000.000,771946.925
Large,cap121,P2,SPEA2,3,105000.000,794102.213
Large,cap121,P2,SPEA2,3,150000.000,743591.750
Large,cap121,P2,SPEA2,3,82500.000,866524.988
Large,cap121,P2,SPEA2,3,157500.000,730399.438
Large,cap121,P2,SPEA2,3,30000.000,1256620.125
Large,cap121,P2,NSGA-II,4,210000.000,706925.475
Large,cap121,P2,NSGA-II,4,202500.000,709591.650
Large,cap121,P2,NSGA-II,4,195000.000,719969.137
Large,cap121,P2,NSGA-II,4,180000.000,722784.825
Large,cap121,P2,NSGA-II,4,172500.000,732297.912
Large,cap121,P2,NSGA-II,4,165000.000,739151.713
Large,cap121,P2,NSGA-II,4,150000.000,743817.213
Large,cap121,P2,NSGA-II,4,135000.000,763640.825
Large,cap121,P2,NSGA-II,4,127500.000,802090.550
Large,cap121,P2,NSGA-II,4,120000.000,803312.338
Large,cap121,P2,NSGA-II,4,97500.000,822789.575
Large,cap121,P2,NSGA-II,4,90000.000,844092.387
Large,cap121,P2,NSGA-II,4,82500.000,873289.588
Large,cap121,P2,NSGA-II,4,75000.000,889806.562
Large,cap121,P2,NSGA-II,4,67500.000,915062.000
Large,cap121,P2,NSGA-II,4,60000.000,952369.387
Large,cap121,P2,NSGA-II,4,52500.000,999804.463
Large,cap121,P2,NSGA-II,4,45000.000,1005118.713
Large,cap121,P2,NSGA-II,4,37500.000,1086796.462
Large,cap121,P2,NSGA-II,4,30000.000,1212967.938
Large,cap121,P2,SPEA2,4,127500.000,785609.137
Large,cap121,P2,SPEA2,4,105000.000,823527.325
Large,cap121,P2,SPEA2,4,157500.000,748349.875
Large,cap121,P2,SPEA2,4,97500.000,846754.225
Large,cap121,P2,SPEA2,4,75000.000,893645.537
Large,cap121,P2,SPEA2,4,135000.000,778123.863
Large,cap121,P2,SPEA2,4,142500.000,756697.575
Large,cap121,P2,SPEA2,4,30000.000,1227239.062
Large,cap121,P2,SPEA2,4,165000.000,738710.975
Large,cap121,P2,SPEA2,4,112500.000,801820.500
Large,cap121,P2,SPEA2,4,150000.000,754013.800
Large,cap121,P2,SPEA2,4,67500.000,916656.550
Large,cap121,P2,SPEA2,4,82500.000,867957.000
Large,cap121,P2,SPEA2,4,180000.000,733985.350
Large,cap121,P2,SPEA2,4,195000.000,728155.512
Large,cap121,P2,SPEA2,4,45000.000,1027771.887
Large,cap121,P2,SPEA2,4,90000.000,867232.412
Large,cap121,P2,SPEA2,4,120000.000,789755.525
Large,cap121,P2,SPEA2,4,52500.000,970941.000
Large,cap121,P2,SPEA2,4,37500.000,1103187.863
Large,cap121,P2,SPEA2,4,60000.000,946701.862
Large,cap121,P2,SPEA2,4,187500.000,731088.287
Large,cap121,P2,NSGA-II,5,202500.000,701244.287
Large,cap121,P2,NSGA-II,5,30000.000,1333121.825
Large,cap121,P2,NSGA-II,5,37500.000,1058304.288
Large,cap121,P2,NSGA-II,5,60000.000,892159.363
Large,cap121,P2,NSGA-II,5,52500.000,966926.637
Large,cap121,P2,NSGA-II,5,45000.000,997420.375
Large,cap121,P2,NSGA-II,5,187500.000,703302.900
Large,cap121,P2,NSGA-II,5,75000.000,832099.900
Large,cap121,P2,NSGA-II,5,67500.000,845737.150
Large,cap121,P2,NSGA-II,5,150000.000,731439.412
Large,cap121,P2,NSGA-II,5,112500.000,775697.525
Large,cap121,P2,NSGA-II,5,127500.000,758134.150
Large,cap121,P2,NSGA-II,5,180000.000,706954.800
Large,cap121,P2,NSGA-II,5,142500.000,747805.637
Large,cap121,P2,NSGA-II,5,105000.000,787762.475
Large,cap121,P2,NSGA-II,5,97500.000,802097.088
Large,cap121,P2,NSGA-II,5,120000.000,771281.075
Large,cap121,P2,NSGA-II,5,90000.000,813917.463
Large,cap121,P2,NSGA-II,5,82500.000,825263.963
Large,cap121,P2,NSGA-II,5,172500.000,711613.425
Large,cap121,P2,NSGA-II,5,165000.000,721941.950
Large,cap121,P2,NSGA-II,5,135000.000,754831.838
Large,cap121,P2,NSGA-II,5,157500.000,728884.662
Large,cap121,P2,SPEA2,5,52500.000,907965.825
Large,cap121,P2,SPEA2,5,60000.000,885163.887
Large,cap121,P2,SPEA2,5,105000.000,793095.950
Large,cap121,P2,SPEA2,5,135000.000,759905.000
Large,cap121,P2,SPEA2,5,187500.000,717407.412
Large,cap121,P2,SPEA2,5,180000.000,721942.912
Large,cap121,P2,SPEA2,5,165000.000,736094.275
Large,cap121,P2,SPEA2,5,202500.000,708108.600
Large,cap121,P2,SPEA2,5,75000.000,842551.925
Large,cap121,P2,SPEA2,5,142500.000,756876.900
Large,cap121,P2,SPEA2,5,157500.000,738941.425
Large,cap121,P2,SPEA2,5,210000.000,706181.400
Large,cap121,P2,SPEA2,5,150000.000,750761.525
Large,cap121,P2,SPEA2,5,127500.000,767305.300
Large,cap121,P2,SPEA2,5,120000.000,779565.525
Large,cap121,P2,SPEA2,5,82500.000,836553.662
Large,cap121,P2,SPEA2,5,45000.000,943701.450
Large,cap121,P2,SPEA2,5,37500.000,1010735.162
Large,cap121,P2,SPEA2,5,112500.000,787663.775
Large,cap121,P2,SPEA2,5,195000.000,710519.700
Large,cap121,P2,SPEA2,5,90000.000,819528.525
Large,cap121,P2,SPEA2,5,97500.000,807389.125
Large,cap121,P2,SPEA2,5,67500.000,872344.463
Large,cap121,P2,SPEA2,5,172500.000,732803.775
Large,cap121,P2,SPEA2,5,217500.000,704979.900
Large,cap121,P2,SPEA2,5,30000.000,1333699.425
Large,cap121,P2,NSGA-II,6,217500.000,693223.725
Large,cap121,P2,NSGA-II,6,30000.000,1346705.875
Large,cap121,P2,NSGA-II,6,45000.000,1168420.913
Large,cap121,P2,NSGA-II,6,52500.000,963791.137
Large,cap121,P2,NSGA-II,6,37500.000,1239860.850
Large,cap121,P2,NSGA-II,6,60000.000,920705.875
Large,cap121,P2,NSGA-II,6,150000.000,736074.688
Large,cap121,P2,NSGA-II,6,142500.000,767323.012
Large,cap121,P2,NSGA-II,6,75000.000,856819.075
Large,cap121,P2,NSGA-II,6,67500.000,915478.238
Large,cap121,P2,NSGA-II,6,120000.000,792646.287
Large,cap121,P2,NSGA-II,6,97500.000,826955.075
Large,cap121,P2,NSGA-II,6,112500.000,793890.650
Large,cap121,P2,NSGA-II,6,105000.000,823333.613
Large,cap121,P2,NSGA-II,6,187500.000,696811.225
Large,cap121,P2,NSGA-II,6,202500.000,694199.425
Large,cap121,P2,NSGA-II,6,90000.000,828955.850
Large,cap121,P2,NSGA-II,6,82500.000,852143.200
Large,cap121,P2,NSGA-II,6,165000.000,712338.100
Large,cap121,P2,NSGA-II,6,157500.000,727773.312
Large,cap121,P2,NSGA-II,6,135000.000,772103.512
Large,cap121,P2,NSGA-II,6,127500.000,782610.537
Large,cap121,P2,NSGA-II,6,172500.000,704036.725
Large,cap121,P2,NSGA-II,6,180000.000,698284.887
Large,cap121,P2,NSGA-II,6,210000.000,694108.725
Large,cap121,P2,SPEA2,6,180000.000,702046.262
Large,cap121,P2,SPEA2,6,82500.000,849728.387
Large,cap121,P2,SPEA2,6,120000.000,792223.400
Large,cap121,P2,SPEA2,6,195000.000,688811.950
Large,cap121,P2,SPEA2,6,90000.000,842179.637
Large,cap121,P2,SPEA2,6,217500.000,679585.000
Large,cap121,P2,SPEA2,6,105000.000,814868.838
Large,cap121,P2,SPEA2,6,142500.000,771655.875
Large,cap121,P2,SPEA2,6,52500.000,926449.312
Large,cap121,P2,SPEA2,6,127500.000,775019.175
Large,cap121,P2,SPEA2,6,75000.000,874686.975
Large,cap121,P2,SPEA2,6,187500.000,698604.412
Large,cap121,P2,SPEA2,6,172500.000,713179.875
Large,cap121,P2,SPEA2,6,165000.000,716621.725
Large,cap121,P2,SPEA2,6,30000.000,1360740.125
Large,cap121,P2,SPEA2,6,157500.000,746929.550
Large,cap121,P2,SPEA2,6,202500.000,687043.613
Large,cap121,P2,SPEA2,6,210000.000,684203.238
Large,cap121,P2,SPEA2,6,150000.000,759840.312
Large,cap121,P2,SPEA2,6,112500.000,802412.650
Large,cap121,P2,SPEA2,6,60000.000,902442.812
Large,cap121,P2,SPEA2,6,45000.000,1149485.875
Large,cap121,P2,SPEA2,6,67500.000,897535.375
Large,cap121,P2,SPEA2,6,37500.000,1245070.988
Large,cap121,P2,SPEA2,6,97500.000,837272.200
Large,cap121,P2,NSGA-II,7,232500.000,692507.088
Large,cap121,P2,NSGA-II,7,30000.000,1221383.188
Large,cap121,P2,NSGA-II,7,37500.000,1097331.988
Large,cap121,P2,NSGA-II,7,45000.000,1014863.188
Large,cap121,P2,NSGA-II,7,60000.000,946597.775
Large,cap121,P2,NSGA-II,7,90000.000,843751.075
Large,cap121,P2,NSGA-II,7,82500.000,913077.912
Large,cap121,P2,NSGA-II,7,52500.000,993560.375
Large,cap121,P2,NSGA-II,7,105000.000,814848.250
Large,cap121,P2,NSGA-II,7,127500.000,774442.225
Large,cap121,P2,NSGA-II,7,187500.000,709500.912
Large,cap121,P2,NSGA-II,7,217500.000,694956.713
Large,cap121,P2,NSGA-II,7,97500.000,825452.025
Large,cap121,P2,NSGA-II,7,120000.000,783428.912
Large,cap121,P2,NSGA-II,7,112500.000,800323.050
Large,cap121,P2,NSGA-II,7,180000.000,724194.213
Large,cap121,P2,NSGA-II,7,75000.000,926013.387
Large,cap121,P2,NSGA-II,7,67500.000,940306.713
Large,cap121,P2,NSGA-II,7,135000.000,763176.175
Large,cap121,P2,NSGA-II,7,157500.000,740801.113
Large,cap121,P2,NSGA-II,7,150000.000,750908.950
Large,cap121,P2,NSGA-II,7,210000.000,697785.363
Large,cap121,P2,NSGA-II,7,202500.000,707315.975
Large,cap121,P2,NSGA-II,7,165000.000,732564.050
Large,cap121,P2,NSGA-II,7,142500.000,755957.338
Large,cap121,P2,NSGA-II,7,172500.000,726564.588
Large,cap121,P2,NSGA-II,7,195000.000,709231.213
Large,cap121,P2,SPEA2,7,37500.000,1032180.975
Large,cap121,P2,SPEA2,7,127500.000,748515.100
Large,cap121,P2,SPEA2,7,112500.000,762486.812
Large,cap121,P2,SPEA2,7,82500.000,812580.225
Large,cap121,P2,SPEA2,7,157500.000,716105.188
Large,cap121,P2,SPEA2,7,165000.000,711068.562
Large,cap121,P2,SPEA2,7,52500.000,898404.175
Large,cap121,P2,SPEA2,7,97500.000,780815.950
Large,cap121,P2,SPEA2,7,180000.000,701483.075
Large,cap121,P2,SPEA2,7,187500.000,699618.275
Large,cap121,P2,SPEA2,7,202500.000,695867.175
Large,cap121,P2,SPEA2,7,67500.000,833761.338
Large,cap121,P2,SPEA2,7,45000.000,939595.825
Large,cap121,P2,SPEA2,7,60000.000,866839.075
Large,cap121,P2,SPEA2,7,172500.000,704065.775
Large,cap121,P2,SPEA2,7,120000.000,753991.137
Large,cap121,P2,SPEA2,7,195000.000,696348.012
Large,cap121,P2,SPEA2,7,150000.000,728250.625
Large,cap121,P2,SPEA2,7,142500.000,734537.213
Large,cap121,P2,SPEA2,7,90000.000,796384.162
Large,cap121,P2,SPEA2,7,75000.000,813092.463
Large,cap121,P2,SPEA2,7,105000.000,771385.650
Large,cap121,P2,SPEA2,7,135000.000,742228.512
Large,cap121,P2,SPEA2,7,30000.000,1157041.950
Large,cap121,P2,NSGA-II,8,210000.000,705245.175
Large,cap121,P2,NSGA-II,8,30000.000,1256551.137
Large,cap121,P2,NSGA-II,8,60000.000,955671.575
Large,cap121,P2,NSGA-II,8,45000.000,1073623.075
Large,cap121,P2,NSGA-II,8,37500.000,1186427.225
Large,cap121,P2,NSGA-II,8,67500.000,895215.213
Large,cap121,P2,NSGA-II,8,82500.000,848145.287
Large,cap121,P2,NSGA-II,8,52500.000,1006439.062
Large,cap121,P2,NSGA-II,8,105000.000,806104.863
Large,cap121,P2,NSGA-II,8,112500.000,791890.350
Large,cap121,P2,NSGA-II,8,127500.000,770906.875
Large,cap121,P2,NSGA-II,8,142500.000,753349.338
Large,cap121,P2,NSGA-II,8,187500.000,713617.575
Large,cap121,P2,NSGA-II,8,75000.000,875458.075
Large,cap121,P2,NSGA-II,8,90000.000,828531.713
Large,cap121,P2,NSGA-II,8,97500.000,822750.700
Large,cap121,P2,NSGA-II,8,120000.000,783452.625
Large,cap121,P2,NSGA-II,8,172500.000,725797.162
Large,cap121,P2,NSGA-II,8,165000.000,737220.262
Large,cap121,P2,NSGA-II,8,180000.000,715647.075
Large,cap121,P2,NSGA-II,8,150000.000,745384.200
Large,cap121,P2,NSGA-II,8,157500.000,742201.762
Large,cap121,P2,NSGA-II,8,195000.000,710175.825
Large,cap121,P2,NSGA-II,8,202500.000,707331.375
Large,cap121,P2,SPEA2,8,112500.000,811163.312
Large,cap121,P2,SPEA2,8,135000.000,742795.350
Large,cap121,P2,SPEA2,8,127500.000,780269.450
Large,cap121,P2,SPEA2,8,67500.000,950416.925
Large,cap121,P2,SPEA2,8,150000.000,719101.113
Large,cap121,P2,SPEA2,8,90000.000,877963.463
Large,cap121,P2,SPEA2,8,165000.000,707583.938
Large,cap121,P2,SPEA2,8,97500.000,828449.562
Large,cap121,P2,SPEA2,8,82500.000,896182.925
Large,cap121,P2,SPEA2,8,45000.000,1070055.050
Large,cap121,P2,SPEA2,8,157500.000,717782.600
Large,cap121,P2,SPEA2,8,60000.000,981380.887
Large,cap121,P2,SPEA2,8,52500.000,997664.675
Large,cap121,P2,SPEA2,8,37500.000,1125391.337
Large,cap121,P2,SPEA2,8,142500.000,726265.050
Large,cap121,P2,SPEA2,8,30000.000,1249442.538
Large,cap121,P2,SPEA2,8,120000.000,785496.925
Large,cap121,P2,SPEA2,8,187500.000,701766.787
Large,cap121,P2,SPEA2,8,75000.000,935409.238
Large,cap121,P2,SPEA2,8,180000.000,702432.787
Large,cap121,P2,NSGA-II,9,202500.000,707133.450
Large,cap121,P2,NSGA-II,9,195000.000,707292.537
Large,cap121,P2,NSGA-II,9,187500.000,708865.438
Large,cap121,P2,NSGA-II,9,180000.000,708899.950
Large,cap121,P2,NSGA-II,9,172500.000,713559.963
Large,cap121,P2,NSGA-II,9,165000.000,714118.900
Large,cap121,P2,NSGA-II,9,157500.000,714277.988
Large,cap121,P2,NSGA-II,9,150000.000,722779.613
Large,cap121,P2,NSGA-II,9,142500.000,733672.950
Large,cap121,P2,NSGA-II,9,135000.000,735862.425
Large,cap121,P2,NSGA-II,9,127500.000,747119.925
Large,cap121,P2,NSGA-II,9,120000.000,773150.287
Large,cap121,P2,NSGA-II,9,112500.000,785948.488
Large,cap121,P2,NSGA-II,9,105000.000,791030.713
Large,cap121,P2,NSGA-II,9,97500.000,801220.550
Large,cap121,P2,NSGA-II,9,90000.000,813745.738
Large,cap121,P2,NSGA-II,9,82500.000,833366.625
Large,cap121,P2,NSGA-II,9,75000.000,862594.600
Large,cap121,P2,NSGA-II,9,67500.000,882167.162
Large,cap121,P2,NSGA-II,9,60000.000,908584.162
Large,cap121,P2,NSGA-II,9,52500.000,937812.137
Large,cap121,P2,NSGA-II,9,45000.000,1082919.800
Large,cap121,P2,NSGA-II,9,37500.000,1151114.938
Large,cap121,P2,NSGA-II,9,30000.000,1173494.012
Large,cap121,P2,SPEA2,9,67500.000,906396.562
Large,cap121,P2,SPEA2,9,195000.000,702269.725
Large,cap121,P2,SPEA2,9,45000.000,1114290.675
Large,cap121,P2,SPEA2,9,97500.000,808096.287
Large,cap121,P2,SPEA2,9,52500.000,946474.750
Large,cap121,P2,SPEA2,9,165000.000,713695.100
Large,cap121,P2,SPEA2,9,127500.000,752576.150
Large,cap121,P2,SPEA2,9,105000.000,784293.200
Large,cap121,P2,SPEA2,9,75000.000,864953.412
Large,cap121,P2,SPEA2,9,142500.000,734415.637
Large,cap121,P2,SPEA2,9,82500.000,856046.037
Large,cap121,P2,SPEA2,9,120000.000,765703.325
Large,cap121,P2,SPEA2,9,172500.000,709976.400
Large,cap121,P2,SPEA2,9,202500.000,701920.338
Large,cap121,P2,SPEA2,9,150000.000,717564.037
Large,cap121,P2,SPEA2,9,90000.000,831086.738
Large,cap121,P2,SPEA2,9,60000.000,919457.625
Large,cap121,P2,SPEA2,9,37500.000,1126468.688
Large,cap121,P2,SPEA2,9,180000.000,706871.875
Large,cap121,P2,SPEA2,9,30000.000,1174820.288
Large,cap121,P2,SPEA2,9,135000.000,737674.838
Large,cap121,P2,SPEA2,9,187500.000,704772.775
Large,cap121,P2,NSGA-II,10,187500.000,703666.550
Large,cap121,P2,NSGA-II,10,180000.000,705531.475
Large,cap121,P2,NSGA-II,10,172500.000,708937.500
Large,cap121,P2,NSGA-II,10,165000.000,714055.475
Large,cap121,P2,NSGA-II,10,157500.000,718105.075
Large,cap121,P2,NSGA-II,10,150000.000,721826.050
Large,cap121,P2,NSGA-II,10,142500.000,726432.950
Large,cap121,P2,NSGA-II,10,135000.000,732099.762
Large,cap121,P2,NSGA-II,10,127500.000,736309.675
Large,cap121,P2,NSGA-II,10,120000.000,748814.637
Large,cap121,P2,NSGA-II,10,105000.000,763643.287
Large,cap121,P2,NSGA-II,10,97500.000,780922.550
Large,cap121,P2,NSGA-II,10,90000.000,795273.812
Large,cap121,P2,NSGA-II,10,82500.000,807855.400
Large,cap121,P2,NSGA-II,10,75000.000,817696.225
Large,cap121,P2,NSGA-II,10,67500.000,830334.725
Large,cap121,P2,NSGA-II,10,60000.000,859089.338
Large,cap121,P2,NSGA-II,10,52500.000,885993.438
Large,cap121,P2,NSGA-II,10,45000.000,907381.375
Large,cap121,P2,NSGA-II,10,37500.000,993696.037
Large,cap121,P2,NSGA-II,10,30000.000,1147426.788
Large,cap121,P2,SPEA2,10,60000.000,845418.512
Large,cap121,P2,SPEA2,10,150000.000,725124.338
Large,cap121,P2,SPEA2,10,142500.000,735171.488
Large,cap121,P2,SPEA2,10,120000.000,756072.650
Large,cap121,P2,SPEA2,10,195000.000,701428.075
Large,cap121,P2,SPEA2,10,210000.000,696109.662
Large,cap121,P2,SPEA2,10,97500.000,770335.362
Large,cap121,P2,SPEA2,10,90000.000,785863.500
Large,cap121,P2,SPEA2,10,135000.000,743152.588
Large,cap121,P2,SPEA2,10,127500.000,748783.100
Large,cap121,P2,SPEA2,10,105000.000,767429.938
Large,cap121,P2,SPEA2,10,67500.000,824115.700
Large,cap121,P2,SPEA2,10,165000.000,715672.512
Large,cap121,P2,SPEA2,10,75000.000,814407.162
Large,cap121,P2,SPEA2,10,180000.000,706427.975
Large,cap121,P2,SPEA2,10,82500.000,795910.650
Large,cap121,P2,SPEA2,10,187500.000,705121.312
Large,cap121,P2,SPEA2,10,112500.000,758978.075
Large,cap121,P2,SPEA2,10,45000.000,945519.100
Large,cap121,P2,SPEA2,10,52500.000,872518.525
Large,cap121,P2,SPEA2,10,202500.000,697577.037
Large,cap121,P2,SPEA2,10,30000.000,1197310.087
Large,cap121,P2,SPEA2,10,37500.000,1061669.175
Large,cap121,P3,NSGA-II,1,202500.000,683250.000
Large,cap121,P3,NSGA-II,1,195000.000,684454.350
Large,cap121,P3,NSGA-II,1,187500.000,687486.613
Large,cap121,P3,NSGA-II,1,180000.000,694676.300
Large,cap121,P3,NSGA-II,1,172500.000,701404.625
Large,cap121,P3,NSGA-II,1,165000.000,710148.350
Large,cap121,P3,NSGA-II,1,157500.000,713263.713
Large,cap121,P3,NSGA-II,1,150000.000,737075.637
Large,cap121,P3,NSGA-II,1,135000.000,740146.925
Large,cap121,P3,NSGA-II,1,127500.000,751720.175
Large,cap121,P3,NSGA-II,1,120000.000,774714.713
Large,cap121,P3,NSGA-II,1,112500.000,784710.450
Large,cap121,P3,NSGA-II,1,105000.000,796191.325
Large,cap121,P3,NSGA-II,1,97500.000,810584.400
Large,cap121,P3,NSGA-II,1,90000.000,811814.200
Large,cap121,P3,NSGA-II,1,82500.000,840313.450
Large,cap121,P3,NSGA-II,1,75000.000,849896.863
Large,cap121,P3,NSGA-II,1,67500.000,875427.725
Large,cap121,P3,NSGA-II,1,60000.000,921915.588
Large,cap121,P3,NSGA-II,1,45000.000,1006488.812
Large,cap121,P3,NSGA-II,1,37500.000,1080544.500
Large,cap121,P3,NSGA-II,1,30000.000,1257509.875
Large,cap121,P3,SPEA2,1,120000.000,763460.838
Large,cap121,P3,SPEA2,1,172500.000,702564.825
Large,cap121,P3,SPEA2,1,60000.000,926000.787
Large,cap121,P3,SPEA2,1,157500.000,717500.938
Large,cap121,P3,SPEA2,1,127500.000,753221.262
Large,cap121,P3,SPEA2,1,142500.000,733126.925
Large,cap121,P3,SPEA2,1,150000.000,732826.213
Large,cap121,P3,SPEA2,1,195000.000,692094.363
Large,cap121,P3,SPEA2,1,105000.000,774529.350
Large,cap121,P3,SPEA2,1,165000.000,709181.750
Large,cap121,P3,SPEA2,1,90000.000,796981.125
Large,cap121,P3,SPEA2,1,180000.000,700836.963
Large,cap121,P3,SPEA2,1,82500.000,807507.537
Large,cap121,P3,SPEA2,1,67500.000,914218.088
Large,cap121,P3,SPEA2,1,97500.000,787459.675
Large,cap121,P3,SPEA2,1,45000.000,1109230.988
Large,cap121,P3,SPEA2,1,75000.000,824974.062
Large,cap121,P3,SPEA2,1,37500.000,1192880.738
Large,cap121,P3,SPEA2,1,135000.000,749647.488
Large,cap121,P3,SPEA2,1,52500.000,994915.100
Large,cap121,P3,SPEA2,1,30000.000,1261799.238
Large,cap121,P3,NSGA-II,2,240000.000,670637.838
Large,cap121,P3,NSGA-II,2,232500.000,672354.963
Large,cap121,P3,NSGA-II,2,225000.000,677268.963
Large,cap121,P3,NSGA-II,2,217500.000,679657.150
Large,cap121,P3,NSGA-II,2,210000.000,680052.650
Large,cap121,P3,NSGA-II,2,202500.000,683733.113
Large,cap121,P3,NSGA-II,2,195000.000,688047.062
Large,cap121,P3,NSGA-II,2,180000.000,695605.938
Large,cap121,P3,NSGA-II,2,172500.000,701015.312
Large,cap121,P3,NSGA-II,2,165000.000,703631.738
Large,cap121,P3,NSGA-II,2,150000.000,709879.488
Large,cap121,P3,NSGA-II,2,142500.000,718827.887
Large,cap121,P3,NSGA-II,2,127500.000,734797.412
Large,cap121,P3,NSGA-II,2,120000.000,786123.863
Large,cap121,P3,NSGA-II,2,105000.000,787274.012
Large,cap121,P3,NSGA-II,2,97500.000,797072.000
Large,cap121,P3,NSGA-II,2,90000.000,820933.625
Large,cap121,P3,NSGA-II,2,82500.000,835026.963
Large,cap121,P3,NSGA-II,2,75000.000,862201.113
Large,cap121,P3,NSGA-II,2,67500.000,884134.900
Large,cap121,P3,NSGA-II,2,60000.000,964254.588
Large,cap121,P3,NSGA-II,2,52500.000,993762.412
Large,cap121,P3,NSGA-II,2,45000.000,1022261.662
Large,cap121,P3,NSGA-II,2,37500.000,1101939.562
Large,cap121,P3,NSGA-II,2,30000.000,1230314.650
Large,cap121,P3,SPEA2,2,112500.000,777134.988
Large,cap121,P3,SPEA2,2,135000.000,763347.588
Large,cap121,P3,SPEA2,2,120000.000,764812.600
Large,cap121,P3,SPEA2,2,202500.000,701168.463
Large,cap121,P3,SPEA2,2,172500.000,725903.887
Large,cap121,P3,SPEA2,2,30000.000,1243685.988
Large,cap121,P3,SPEA2,2,90000.000,815668.400
Large,cap121,P3,SPEA2,2,82500.000,834312.925
Large,cap121,P3,SPEA2,2,45000.000,1147021.363
Large,cap121,P3,SPEA2,2,60000.000,945493.812
Large,cap121,P3,SPEA2,2,105000.000,794788.100
Large,cap121,P3,SPEA2,2,142500.000,757752.713
Large,cap121,P3,SPEA2,2,180000.000,717541.162
Large,cap121,P3,SPEA2,2,37500.000,1173739.175
Large,cap121,P3,SPEA2,2,210000.000,699167.688
Large,cap121,P3,SPEA2,2,195000.000,706093.062
Large,cap121,P3,SPEA2,2,75000.000,867815.725
Large,cap121,P3,SPEA2,2,67500.000,902764.713
Large,cap121,P3,SPEA2,2,150000.000,744475.150
Large,cap121,P3,SPEA2,2,97500.000,810895.050
Large,cap121,P3,SPEA2,2,165000.000,727904.662
Large,cap121,P3,SPEA2,2,52500.000,1102768.012
Large,cap121,P3,SPEA2,2,157500.000,739237.525
Large,cap121,P3,SPEA2,2,187500.000,713542.275
Large,cap121,P3,SPEA2,2,240000.000,695925.900
Large,cap121,P3,SPEA2,2,217500.000,696557.938
Large,cap121,P3,NSGA-II,3,202500.000,695008.925
Large,cap121,P3,NSGA-II,3,195000.000,700880.463
Large,cap121,P3,NSGA-II,3,187500.000,706008.338
Large,cap121,P3,NSGA-II,3,180000.000,706853.312
Large,cap121,P3,NSGA-II,3,172500.000,720397.250
Large,cap121,P3,NSGA-II,3,165000.000,727447.500
Large,cap121,P3,NSGA-II,3,157500.000,737929.400
Large,cap121,P3,NSGA-II,3,150000.000,752484.575
Large,cap121,P3,NSGA-II,3,142500.000,766997.925
Large,cap121,P3,NSGA-II,3,135000.000,787031.887
Large,cap121,P3,NSGA-II,3,127500.000,791260.175
Large,cap121,P3,NSGA-II,3,120000.000,797508.137
Large,cap121,P3,NSGA-II,3,112500.000,798174.137
Large,cap121,P3,NSGA-II,3,97500.000,810919.887
Large,cap121,P3,NSGA-II,3,90000.000,827622.662
Large,cap121,P3,NSGA-II,3,82500.000,859369.938
Large,cap121,P3,NSGA-II,3,75000.000,862350.675
Large,cap121,P3,NSGA-II,3,67500.000,883673.637
Large,cap121,P3,NSGA-II,3,60000.000,899123.825
Large,cap121,P3,NSGA-II,3,52500.000,952936.012
Large,cap121,P3,NSGA-II,3,45000.000,1011377.000
Large,cap121,P3,NSGA-II,3,37500.000,1147270.538
Large,cap121,P3,NSGA-II,3,30000.000,1201447.450
Large,cap121,P3,SPEA2,3,97500.000,758655.812
Large,cap121,P3,SPEA2,3,112500.000,750102.150
Large,cap121,P3,SPEA2,3,82500.000,802595.325
Large,cap121,P3,SPEA2,3,60000.000,895539.100
Large,cap121,P3,SPEA2,3,37500.000,1041250.588
Large,cap121,P3,SPEA2,3,135000.000,729348.975
Large,cap121,P3,SPEA2,3,120000.000,737804.400
Large,cap121,P3,SPEA2,3,165000.000,701829.738
Large,cap121,P3,SPEA2,3,52500.000,914667.713
Large,cap121,P3,SPEA2,3,45000.000,939861.000
Large,cap121,P3,SPEA2,3,187500.000,688738.450
Large,cap121,P3,SPEA2,3,75000.000,838991.125
Large,cap121,P3,SPEA2,3,232500.000,680772.950
Large,cap121,P3,SPEA2,3,127500.000,736828.062
Large,cap121,P3,SPEA2,3,240000.000,675168.450
Large,cap121,P3,SPEA2,3,180000.000,697211.425
Large,cap121,P3,SPEA2,3,67500.000,859561.600
Large,cap121,P3,SPEA2,3,150000.000,710383.400
Large,cap121,P3,SPEA2,3,30000.000,1152008.762
Large,cap121,P3,SPEA2,3,210000.000,686230.062
Large,cap121,P3,NSGA-II,4,240000.000,684988.100
Large,cap121,P3,NSGA-II,4,232500.000,685291.150
Large,cap121,P3,NSGA-II,4,225000.000,686619.400
Large,cap121,P3,NSGA-II,4,217500.000,689474.050
Large,cap121,P3,NSGA-II,4,210000.000,690792.988
Large,cap121,P3,NSGA-II,4,202500.000,691591.838
Large,cap121,P3,NSGA-II,4,195000.000,694432.213
Large,cap121,P3,NSGA-II,4,187500.000,697483.400
Large,cap121,P3,NSGA-II,4,180000.000,699764.550
Large,cap121,P3,NSGA-II,4,172500.000,704011.700
Large,cap121,P3,NSGA-II,4,165000.000,720603.375
Large,cap121,P3,NSGA-II,4,157500.000,725918.050
Large,cap121,P3,NSGA-II,4,150000.000,738728.600
Large,cap121,P3,NSGA-II,4,142500.000,747448.537
Large,cap121,P3,NSGA-II,4,135000.000,753272.225
Large,cap121,P3,NSGA-II,4,127500.000,770647.062
Large,cap121,P3,NSGA-II,4,120000.000,779287.287
Large,cap121,P3,NSGA-II,4,112500.000,785869.175
Large,cap121,P3,NSGA-II,4,105000.000,793299.425
Large,cap121,P3,NSGA-II,4,97500.000,817414.850
Large,cap121,P3,NSGA-II,4,90000.000,828624.525
Large,cap121,P3,NSGA-II,4,82500.000,864050.812
Large,cap121,P3,NSGA-II,4,75000.000,886767.775
Large,cap121,P3,NSGA-II,4,67500.000,917608.475
Large,cap121,P3,NSGA-II,4,60000.000,955308.975
Large,cap121,P3,NSGA-II,4,52500.000,962820.725
Large,cap121,P3,NSGA-II,4,45000.000,1012952.800
Large,cap121,P3,NSGA-II,4,37500.000,1095549.250
Large,cap121,P3,NSGA-II,4,30000.000,1219472.800
Large,cap121,P3,SPEA2,4,180000.000,714195.325
Large,cap121,P3,SPEA2,4,67500.000,923323.700
Large,cap121,P3,SPEA2,4,52500.000,1001323.550
Large,cap121,P3,SPEA2,4,195000.000,706321.150
Large,cap121,P3,SPEA2,4,187500.000,710389.200
Large,cap121,P3,SPEA2,4,75000.000,884483.387
Large,cap121,P3,SPEA2,4,97500.000,842850.637
Large,cap121,P3,SPEA2,4,120000.000,802080.588
Large,cap121,P3,SPEA2,4,142500.000,756097.838
Large,cap121,P3,SPEA2,4,150000.000,738412.975
Large,cap121,P3,SPEA2,4,45000.000,1035514.350
Large,cap121,P3,SPEA2,4,135000.000,759966.250
Large,cap121,P3,SPEA2,4,37500.000,1088359.350
Large,cap121,P3,SPEA2,4,112500.000,809391.400
Large,cap121,P3,SPEA2,4,172500.000,715055.800
Large,cap121,P3,SPEA2,4,165000.000,718924.213
Large,cap121,P3,SPEA2,4,157500.000,735706.250
Large,cap121,P3,SPEA2,4,60000.000,971411.150
Large,cap121,P3,SPEA2,4,127500.000,794849.037
Large,cap121,P3,SPEA2,4,105000.000,840269.887
Large,cap121,P3,SPEA2,4,90000.000,867479.325
Large,cap121,P3,SPEA2,4,82500.000,873978.075
Large,cap121,P3,SPEA2,4,30000.000,1213530.050
Large,cap121,P3,NSGA-II,5,210000.000,691806.925
Large,cap121,P3,NSGA-II,5,30000.000,1325097.575
Large,cap121,P3,NSGA-II,5,37500.000,1024085.488
Large,cap121,P3,NSGA-II,5,60000.000,877613.600
Large,cap121,P3,NSGA-II,5,45000.000,956043.125
Large,cap121,P3,NSGA-II,5,105000.000,800360.262
Large,cap121,P3,NSGA-II,5,52500.000,902233.238
Large,cap121,P3,NSGA-II,5,142500.000,761386.338
Large,cap121,P3,NSGA-II,5,112500.000,788220.863
Large,cap121,P3,NSGA-II,5,82500.000,842624.463
Large,cap121,P3,NSGA-II,5,90000.000,830832.375
Large,cap121,P3,NSGA-II,5,135000.000,766330.588
Large,cap121,P3,NSGA-II,5,120000.000,775804.963
Large,cap121,P3,NSGA-II,5,75000.000,855305.438
Large,cap121,P3,NSGA-II,5,150000.000,739145.275
Large,cap121,P3,NSGA-II,5,97500.000,819208.213
Large,cap121,P3,NSGA-II,5,172500.000,710395.700
Large,cap121,P3,NSGA-II,5,165000.000,720630.825
Large,cap121,P3,NSGA-II,5,157500.000,730308.075
Large,cap121,P3,NSGA-II,5,127500.000,774941.762
Large,cap121,P3,NSGA-II,5,180000.000,703204.125
Large,cap121,P3,NSGA-II,5,187500.000,698393.650
Large,cap121,P3,NSGA-II,5,195000.000,695569.300
Large,cap121,P3,NSGA-II,5,202500.000,693141.700
Large,cap121,P3,SPEA2,5,142500.000,734022.713
Large,cap121,P3,SPEA2,5,127500.000,766785.438
Large,cap121,P3,SPEA2,5,217500.000,689875.188
Large,cap121,P3,SPEA2,5,30000.000,1333699.425
Large,cap121,P3,SPEA2,5,135000.000,746472.175
Large,cap121,P3,SPEA2,5,82500.000,841043.637
Large,cap121,P3,SPEA2,5,157500.000,727915.175
Large,cap121,P3,SPEA2,5,225000.000,687028.037
Large,cap121,P3,SPEA2,5,105000.000,798634.637
Large,cap121,P3,SPEA2,5,120000.000,780492.762
Large,cap121,P3,SPEA2,5,52500.000,961400.188
Large,cap121,P3,SPEA2,5,90000.000,821358.200
Large,cap121,P3,SPEA2,5,180000.000,706482.012
Large,cap121,P3,SPEA2,5,150000.000,729961.637
Large,cap121,P3,SPEA2,5,67500.000,877281.463
Large,cap121,P3,SPEA2,5,75000.000,866890.363
Large,cap121,P3,SPEA2,5,195000.000,699697.137
Large,cap121,P3,SPEA2,5,202500.000,693297.300
Large,cap121,P3,SPEA2,5,165000.000,718402.162
Large,cap121,P3,SPEA2,5,187500.000,702838.688
Large,cap121,P3,SPEA2,5,60000.000,891979.512
Large,cap121,P3,SPEA2,5,210000.000,690450.150
Large,cap121,P3,SPEA2,5,172500.000,715428.887
Large,cap121,P3,SPEA2,5,97500.000,812672.512
Large,cap121,P3,SPEA2,5,45000.000,1037096.350
Large,cap121,P3,SPEA2,5,37500.000,1111608.413
Large,cap121,P3,NSGA-II,6,210000.000,718997.775
Large,cap121,P3,NSGA-II,6,202500.000,720055.975
Large,cap121,P3,NSGA-II,6,195000.000,720446.425
Large,cap121,P3,NSGA-II,6,187500.000,726763.325
Large,cap121,P3,NSGA-II,6,180000.000,727954.363
Large,cap121,P3,NSGA-II,6,172500.000,734941.037
Large,cap121,P3,NSGA-II,6,165000.000,741925.113
Large,cap121,P3,NSGA-II,6,157500.000,753099.500
Large,cap121,P3,NSGA-II,6,150000.000,755414.150
Large,cap121,P3,NSGA-II,6,142500.000,760207.262
Large,cap121,P3,NSGA-II,6,135000.000,768164.637
Large,cap121,P3,NSGA-II,6,127500.000,778898.600
Large,cap121,P3,NSGA-II,6,120000.000,801101.487
Large,cap121,P3,NSGA-II,6,112500.000,804103.525
Large,cap121,P3,NSGA-II,6,105000.000,814352.875
Large,cap121,P3,NSGA-II,6,97500.000,871286.963
Large,cap121,P3,NSGA-II,6,90000.000,883347.838
Large,cap121,P3,NSGA-II,6,75000.000,935004.275
Large,cap121,P3,NSGA-II,6,67500.000,957806.213
Large,cap121,P3,NSGA-II,6,60000.000,974426.350
Large,cap121,P3,NSGA-II,6,52500.000,997003.450
Large,cap121,P3,NSGA-II,6,45000.000,1077843.450
Large,cap121,P3,NSGA-II,6,37500.000,1222706.962
Large,cap121,P3,NSGA-II,6,30000.000,1362555.387
Large,cap121,P3,SPEA2,6,67500.000,926874.600
Large,cap121,P3,SPEA2,6,127500.000,798779.000
Large,cap121,P3,SPEA2,6,45000.000,1022406.900
Large,cap121,P3,SPEA2,6,120000.000,815910.350
Large,cap121,P3,SPEA2,6,142500.000,760785.925
Large,cap121,P3,SPEA2,6,75000.000,909383.125
Large,cap121,P3,SPEA2,6,105000.000,838794.412
Large,cap121,P3,SPEA2,6,82500.000,895636.037
Large,cap121,P3,SPEA2,6,150000.000,755256.775
Large,cap121,P3,SPEA2,6,157500.000,754945.975
Large,cap121,P3,SPEA2,6,97500.000,863440.588
Large,cap121,P3,SPEA2,6,187500.000,733447.162
Large,cap121,P3,SPEA2,6,172500.000,735223.912
Large,cap121,P3,SPEA2,6,60000.000,952269.312
Large,cap121,P3,SPEA2,6,165000.000,748358.950
Large,cap121,P3,SPEA2,6,52500.000,1012445.463
Large,cap121,P3,SPEA2,6,90000.000,884157.025
Large,cap121,P3,SPEA2,6,195000.000,733136.363
Large,cap121,P3,SPEA2,6,135000.000,798636.600
Large,cap121,P3,SPEA2,6,37500.000,1118895.712
Large,cap121,P3,SPEA2,6,180000.000,734164.725
Large,cap121,P3,SPEA2,6,30000.000,1363213.812
Large,cap121,P3,NSGA-II,7,247500.000,683905.700
Large,cap121,P3,NSGA-II,7,225000.000,687167.875
Large,cap121,P3,NSGA-II,7,217500.000,698016.750
Large,cap121,P3,NSGA-II,7,210000.000,698352.800
Large,cap121,P3,NSGA-II,7,202500.000,698997.275
Large,cap121,P3,NSGA-II,7,195000.000,705367.938
Large,cap121,P3,NSGA-II,7,180000.000,721568.825
Large,cap121,P3,NSGA-II,7,165000.000,725519.675
Large,cap121,P3,NSGA-II,7,157500.000,739293.275
Large,cap121,P3,NSGA-II,7,142500.000,743622.887
Large,cap121,P3,NSGA-II,7,135000.000,753445.575
Large,cap121,P3,NSGA-II,7,127500.000,770423.975
Large,cap121,P3,NSGA-II,7,120000.000,794156.613
Large,cap121,P3,NSGA-II,7,112500.000,800527.275
Large,cap121,P3,NSGA-II,7,105000.000,806061.575
Large,cap121,P3,NSGA-II,7,97500.000,819074.912
Large,cap121,P3,NSGA-II,7,90000.000,824155.938
Large,cap121,P3,NSGA-II,7,82500.000,854117.713
Large,cap121,P3,NSGA-II,7,75000.000,918672.575
Large,cap121,P3,NSGA-II,7,67500.000,927559.950
Large,cap121,P3,NSGA-II,7,60000.000,946444.963
Large,cap121,P3,NSGA-II,7,52500.000,963508.250
Large,cap121,P3,NSGA-II,7,45000.000,1018565.237
Large,cap121,P3,NSGA-II,7,37500.000,1046590.375
Large,cap121,P3,NSGA-II,7,30000.000,1169951.975
Large,cap121,P3,SPEA2,7,37500.000,1141895.762
Large,cap121,P3,SPEA2,7,45000.000,993873.425
Large,cap121,P3,SPEA2,7,120000.000,787163.375
Large,cap121,P3,SPEA2,7,90000.000,832427.600
Large,cap121,P3,SPEA2,7,75000.000,891148.412
Large,cap121,P3,SPEA2,7,225000.000,683508.725
Large,cap121,P3,SPEA2,7,97500.000,825970.537
Large,cap121,P3,SPEA2,7,105000.000,805219.075
Large,cap121,P3,SPEA2,7,60000.000,934911.750
Large,cap121,P3,SPEA2,7,82500.000,847403.875
Large,cap121,P3,SPEA2,7,165000.000,719341.562
Large,cap121,P3,SPEA2,7,135000.000,770252.363
Large,cap121,P3,SPEA2,7,157500.000,724107.550
Large,cap121,P3,SPEA2,7,202500.000,685925.512
Large,cap121,P3,SPEA2,7,52500.000,940768.963
Large,cap121,P3,SPEA2,7,142500.000,754646.912
Large,cap121,P3,SPEA2,7,127500.000,777467.412
Large,cap121,P3,SPEA2,7,67500.000,918893.713
Large,cap121,P3,SPEA2,7,112500.000,788801.675
Large,cap121,P3,SPEA2,7,187500.000,699080.100
Large,cap121,P3,SPEA2,7,150000.000,737869.525
Large,cap121,P3,SPEA2,7,180000.000,705925.238
Large,cap121,P3,SPEA2,7,195000.000,689377.512
Large,cap121,P3,SPEA2,7,172500.000,709702.475
Large,cap121,P3,SPEA2,7,30000.000,1158735.325
Large,cap121,P3,NSGA-II,8,217500.000,688984.875
Large,cap121,P3,NSGA-II,8,210000.000,690411.225
Large,cap121,P3,NSGA-II,8,202500.000,693020.975
Large,cap121,P3,NSGA-II,8,195000.000,696031.463
Large,cap121,P3,NSGA-II,8,187500.000,699491.637
Large,cap121,P3,NSGA-II,8,180000.000,706219.200
Large,cap121,P3,NSGA-II,8,172500.000,718641.775
Large,cap121,P3,NSGA-II,8,165000.000,722990.188
Large,cap121,P3,NSGA-II,8,157500.000,723942.613
Large,cap121,P3,NSGA-II,8,150000.000,728274.200
Large,cap121,P3,NSGA-II,8,135000.000,734682.238
Large,cap121,P3,NSGA-II,8,127500.000,753341.300
Large,cap121,P3,NSGA-II,8,120000.000,761102.700
Large,cap121,P3,NSGA-II,8,112500.000,769782.400
Large,cap121,P3,NSGA-II,8,105000.000,780700.050
Large,cap121,P3,NSGA-II,8,97500.000,809920.275
Large,cap121,P3,NSGA-II,8,90000.000,812109.750
Large,cap121,P3,NSGA-II,8,82500.000,853887.812
Large,cap121,P3,NSGA-II,8,75000.000,869628.525
Large,cap121,P3,NSGA-II,8,67500.000,884123.675
Large,cap121,P3,NSGA-II,8,60000.000,918230.550
Large,cap121,P3,NSGA-II,8,52500.000,979976.775
Large,cap121,P3,NSGA-II,8,45000.000,1040733.562
Large,cap121,P3,NSGA-II,8,37500.000,1087931.312
Large,cap121,P3,NSGA-II,8,30000.000,1218358.113
Large,cap121,P3,SPEA2,8,142500.000,719685.600
Large,cap121,P3,SPEA2,8,60000.000,952101.537
Large,cap121,P3,SPEA2,8,112500.000,772881.175
Large,cap121,P3,SPEA2,8,165000.000,710573.488
Large,cap121,P3,SPEA2,8,157500.000,711521.950
Large,cap121,P3,SPEA2,8,187500.000,704008.562
Large,cap121,P3,SPEA2,8,97500.000,803016.438
Large,cap121,P3,SPEA2,8,127500.000,758207.925
Large,cap121,P3,SPEA2,8,52500.000,1031275.588
Large,cap121,P3,SPEA2,8,172500.000,704905.012
Large,cap121,P3,SPEA2,8,105000.000,787316.500
Large,cap121,P3,SPEA2,8,67500.000,916693.912
Large,cap121,P3,SPEA2,8,90000.000,827718.862
Large,cap121,P3,SPEA2,8,202500.000,703090.188
Large,cap121,P3,SPEA2,8,75000.000,900439.787
Large,cap121,P3,SPEA2,8,82500.000,853605.775
Large,cap121,P3,SPEA2,8,37500.000,1164411.562
Large,cap121,P3,SPEA2,8,150000.000,714704.100
Large,cap121,P3,SPEA2,8,135000.000,741619.387
Large,cap121,P3,SPEA2,8,45000.000,1105694.312
Large,cap121,P3,SPEA2,8,195000.000,703101.062
Large,cap121,P3,SPEA2,8,30000.000,1221448.450
Large,cap121,P3,NSGA-II,9,202500.000,708103.262
Large,cap121,P3,NSGA-II,9,195000.000,713991.550
Large,cap121,P3,NSGA-II,9,187500.000,715580.787
Large,cap121,P3,NSGA-II,9,180000.000,722295.850
Large,cap121,P3,NSGA-II,9,172500.000,731982.475
Large,cap121,P3,NSGA-II,9,165000.000,735942.887
Large,cap121,P3,NSGA-II,9,157500.000,736910.137
Large,cap121,P3,NSGA-II,9,150000.000,756157.838
Large,cap121,P3,NSGA-II,9,142500.000,779824.050
Large,cap121,P3,NSGA-II,9,135000.000,781089.550
Large,cap121,P3,NSGA-II,9,127500.000,794461.275
Large,cap121,P3,NSGA-II,9,120000.000,798369.025
Large,cap121,P3,NSGA-II,9,112500.000,821912.488
Large,cap121,P3,NSGA-II,9,105000.000,831984.812
Large,cap121,P3,NSGA-II,9,97500.000,836462.537
Large,cap121,P3,NSGA-II,9,90000.000,849555.037
Large,cap121,P3,NSGA-II,9,82500.000,858738.312
Large,cap121,P3,NSGA-II,9,75000.000,879772.062
Large,cap121,P3,NSGA-II,9,67500.000,908157.137
Large,cap121,P3,NSGA-II,9,60000.000,918292.312
Large,cap121,P3,NSGA-II,9,52500.000,942226.012
Large,cap121,P3,NSGA-II,9,45000.000,1085483.087
Large,cap121,P3,NSGA-II,9,37500.000,1092833.012
Large,cap121,P3,NSGA-II,9,30000.000,1159153.113
Large,cap121,P3,SPEA2,9,30000.000,1170971.538
Large,cap121,P3,SPEA2,9,195000.000,717629.550
Large,cap121,P3,SPEA2,9,105000.000,772587.025
Large,cap121,P3,SPEA2,9,120000.000,757366.812
Large,cap121,P3,SPEA2,9,37500.000,1090391.363
Large,cap121,P3,SPEA2,9,97500.000,798680.137
Large,cap121,P3,SPEA2,9,187500.000,718327.500
Large,cap121,P3,SPEA2,9,135000.000,744168.012
Large,cap121,P3,SPEA2,9,127500.000,750571.275
Large,cap121,P3,SPEA2,9,150000.000,727128.463
Large,cap121,P3,SPEA2,9,52500.000,999448.600
Large,cap121,P3,SPEA2,9,142500.000,732109.963
Large,cap121,P3,SPEA2,9,60000.000,959818.450
Large,cap121,P3,SPEA2,9,45000.000,1059225.875
Large,cap121,P3,SPEA2,9,82500.000,846648.450
Large,cap121,P3,SPEA2,9,157500.000,720603.037
Large,cap121,P3,SPEA2,9,172500.000,719897.150
Large,cap121,P3,SPEA2,9,75000.000,868751.688
Large,cap121,P3,SPEA2,9,180000.000,718659.800
Large,cap121,P3,SPEA2,9,90000.000,825416.637
Large,cap121,P3,SPEA2,9,67500.000,894949.850
Large,cap121,P3,NSGA-II,10,195000.000,706990.787
Large,cap121,P3,NSGA-II,10,187500.000,711262.275
Large,cap121,P3,NSGA-II,10,180000.000,711887.400
Large,cap121,P3,NSGA-II,10,172500.000,726683.350
Large,cap121,P3,NSGA-II,10,165000.000,735336.637
Large,cap121,P3,NSGA-II,10,157500.000,738031.162
Large,cap121,P3,NSGA-II,10,150000.000,741943.537
Large,cap121,P3,NSGA-II,10,142500.000,748519.637
Large,cap121,P3,NSGA-II,10,127500.000,749097.938
Large,cap121,P3,NSGA-II,10,120000.000,762708.062
Large,cap121,P3,NSGA-II,10,112500.000,774442.787
Large,cap121,P3,NSGA-II,10,105000.000,782405.613
Large,cap121,P3,NSGA-II,10,97500.000,792125.950
Large,cap121,P3,NSGA-II,10,90000.000,801864.488
Large,cap121,P3,NSGA-II,10,82500.000,803909.387
Large,cap121,P3,NSGA-II,10,75000.000,813956.537
Large,cap121,P3,NSGA-II,10,67500.000,837022.387
Large,cap121,P3,NSGA-II,10,60000.000,872605.838
Large,cap121,P3,NSGA-II,10,52500.000,890071.188
Large,cap121,P3,NSGA-II,10,45000.000,915401.863
Large,cap121,P3,NSGA-II,10,37500.000,986722.700
Large,cap121,P3,NSGA-II,10,30000.000,1167474.175
Large,cap121,P3,SPEA2,10,75000.000,844397.175
Large,cap121,P3,SPEA2,10,82500.000,814129.400
Large,cap121,P3,SPEA2,10,45000.000,966023.450
Large,cap121,P3,SPEA2,10,30000.000,1199135.337
Large,cap121,P3,SPEA2,10,37500.000,1039024.025
Large,cap121,P3,SPEA2,10,172500.000,718601.325
Large,cap121,P3,SPEA2,10,60000.000,882977.750
Large,cap121,P3,SPEA2,10,142500.000,740931.500
Large,cap121,P3,SPEA2,10,52500.000,911132.912
Large,cap121,P3,SPEA2,10,150000.000,736245.787
Large,cap121,P3,SPEA2,10,165000.000,719306.925
Large,cap121,P3,SPEA2,10,90000.000,806330.887
Large,cap121,P3,SPEA2,10,202500.000,703954.463
Large,cap121,P3,SPEA2,10,97500.000,799107.025
Large,cap121,P3,SPEA2,10,67500.000,871851.350
Large,cap121,P3,SPEA2,10,187500.000,709872.188
Large,cap121,P3,SPEA2,10,195000.000,705636.362
Large,cap121,P3,SPEA2,10,157500.000,733397.438
Large,cap121,P3,SPEA2,10,135000.000,749429.338
Large,cap121,P3,SPEA2,10,112500.000,769799.050
Large,cap121,P3,SPEA2,10,127500.000,754652.562
Large,cap121,P3,SPEA2,10,180000.000,715397.825
Large,cap121,P3,SPEA2,10,105000.000,786654.475
Large,cap122,P1,NSGA-II,1,387500.000,713665.562
Large,cap122,P1,NSGA-II,1,50000.000,1243482.450
Large,cap122,P1,NSGA-II,1,62500.000,1108133.812
Large,cap122,P1,NSGA-II,1,137500.000,878420.238
Large,cap122,P1,NSGA-II,1,87500.000,1015472.850
Large,cap122,P1,NSGA-II,1,75000.000,1067687.400
Large,cap122,P1,NSGA-II,1,100000.000,972937.350
Large,cap122,P1,NSGA-II,1,187500.000,810061.887
Large,cap122,P1,NSGA-II,1,112500.000,931941.750
Large,cap122,P1,NSGA-II,1,125000.000,915803.738
Large,cap122,P1,NSGA-II,1,200000.000,809384.938
Large,cap122,P1,NSGA-II,1,337500.000,717477.137
Large,cap122,P1,NSGA-II,1,175000.000,831324.512
Large,cap122,P1,NSGA-II,1,362500.000,715598.150
Large,cap122,P1,NSGA-II,1,300000.000,731293.662
Large,cap122,P1,NSGA-II,1,287500.000,748176.450
Large,cap122,P1,NSGA-II,1,162500.000,847930.113
Large,cap122,P1,NSGA-II,1,150000.000,864543.512
Large,cap122,P1,NSGA-II,1,212500.000,798875.875
Large,cap122,P1,NSGA-II,1,275000.000,758082.188
Large,cap122,P1,NSGA-II,1,262500.000,765092.537
Large,cap122,P1,NSGA-II,1,250000.000,774441.512
Large,cap122,P1,NSGA-II,1,225000.000,789526.900
Large,cap122,P1,NSGA-II,1,237500.000,782158.900
Large,cap122,P1,NSGA-II,1,325000.000,722288.875
Large,cap122,P1,NSGA-II,1,312500.000,726481.925
Large,cap122,P1,NSGA-II,1,375000.000,714645.988
Large,cap122,P1,SPEA2,1,187500.000,787649.688
Large,cap122,P1,SPEA2,1,87500.000,1079006.325
Large,cap122,P1,SPEA2,1,100000.000,961445.075
Large,cap122,P1,SPEA2,1,225000.000,765394.975
Large,cap122,P1,SPEA2,1,125000.000,896249.050
Large,cap122,P1,SPEA2,1,212500.000,774320.662
Large,cap122,P1,SPEA2,1,312500.000,724766.562
Large,cap122,P1,SPEA2,1,325000.000,718615.762
Large,cap122,P1,SPEA2,1,200000.000,778855.037
Large,cap122,P1,SPEA2,1,237500.000,759619.975
Large,cap122,P1,SPEA2,1,162500.000,817691.438
Large,cap122,P1,SPEA2,1,362500.000,693432.213
Large,cap122,P1,SPEA2,1,175000.000,816303.938
Large,cap122,P1,SPEA2,1,300000.000,728032.562
Large,cap122,P1,SPEA2,1,137500.000,864446.338
Large,cap122,P1,SPEA2,1,150000.000,838167.750
Large,cap122,P1,SPEA2,1,262500.000,751543.775
Large,cap122,P1,SPEA2,1,287500.000,738754.150
Large,cap122,P1,SPEA2,1,337500.000,716757.188
Large,cap122,P1,SPEA2,1,112500.000,929642.363
Large,cap122,P1,SPEA2,1,375000.000,687281.412
Large,cap122,P1,SPEA2,1,350000.000,699777.075
Large,cap122,P1,SPEA2,1,75000.000,1114432.238
Large,cap122,P1,SPEA2,1,275000.000,745238.275
Large,cap122,P1,SPEA2,1,62500.000,1238814.975
Large,cap122,P1,SPEA2,1,50000.000,1269459.775
Large,cap122,P1,NSGA-II,2,350000.000,701421.575
Large,cap122,P1,NSGA-II,2,50000.000,1265732.287
Large,cap122,P1,NSGA-II,2,62500.000,1141593.688
Large,cap122,P1,NSGA-II,2,75000.000,1017848.588
Large,cap122,P1,NSGA-II,2,112500.000,896271.925
Large,cap122,P1,NSGA-II,2,100000.000,930598.963
Large,cap122,P1,NSGA-II,2,87500.000,989236.950
Large,cap122,P1,NSGA-II,2,225000.000,757757.925
Large,cap122,P1,NSGA-II,2,250000.000,744987.688
Large,cap122,P1,NSGA-II,2,137500.000,859927.575
Large,cap122,P1,NSGA-II,2,125000.000,888187.637
Large,cap122,P1,NSGA-II,2,162500.000,816397.113
Large,cap122,P1,NSGA-II,2,150000.000,843270.238
Large,cap122,P1,NSGA-II,2,212500.000,772791.512
Large,cap122,P1,NSGA-II,2,275000.000,721869.812
Large,cap122,P1,NSGA-II,2,262500.000,736133.050
Large,cap122,P1,NSGA-II,2,175000.000,802597.425
Large,cap122,P1,NSGA-II,2,200000.000,780875.800
Large,cap122,P1,NSGA-II,2,187500.000,791872.450
Large,cap122,P1,NSGA-II,2,287500.000,713783.800
Large,cap122,P1,NSGA-II,2,325000.000,706275.162
Large,cap122,P1,NSGA-II,2,312500.000,710110.925
Large,cap122,P1,NSGA-II,2,337500.000,704031.325
Large,cap122,P1,NSGA-II,2,300000.000,712720.675
Large,cap122,P1,SPEA2,2,125000.000,892204.113
Large,cap122,P1,SPEA2,2,225000.000,730567.325
Large,cap122,P1,SPEA2,2,175000.000,793273.662
Large,cap122,P1,SPEA2,2,237500.000,720028.325
Large,cap122,P1,SPEA2,2,150000.000,836742.637
Large,cap122,P1,SPEA2,2,50000.000,1254156.887
Large,cap122,P1,SPEA2,2,87500.000,1000602.375
Large,cap122,P1,SPEA2,2,162500.000,808899.688
Large,cap122,P1,SPEA2,2,300000.000,692905.787
Large,cap122,P1,SPEA2,2,212500.000,733563.725
Large,cap122,P1,SPEA2,2,137500.000,864746.250
Large,cap122,P1,SPEA2,2,187500.000,766132.775
Large,cap122,P1,SPEA2,2,287500.000,694137.488
Large,cap122,P1,SPEA2,2,112500.000,920525.062
Large,cap122,P1,SPEA2,2,75000.000,1037337.612
Large,cap122,P1,SPEA2,2,250000.000,705894.900
Large,cap122,P1,SPEA2,2,100000.000,966673.688
Large,cap122,P1,SPEA2,2,62500.000,1068458.012
Large,cap122,P1,SPEA2,2,325000.000,691748.012
Large,cap122,P1,SPEA2,2,200000.000,757169.975
Large,cap122,P1,SPEA2,2,312500.000,691960.512
Large,cap122,P1,SPEA2,2,275000.000,695730.550
Large,cap122,P1,SPEA2,2,262500.000,704584.762
Large,cap122,P1,NSGA-II,3,337500.000,701907.588
Large,cap122,P1,NSGA-II,3,50000.000,1469877.413
Large,cap122,P1,NSGA-II,3,62500.000,1155944.113
Large,cap122,P1,NSGA-II,3,75000.000,1009089.000
Large,cap122,P1,NSGA-II,3,87500.000,935048.738
Large,cap122,P1,NSGA-II,3,100000.000,903982.262
Large,cap122,P1,NSGA-II,3,112500.000,874744.137
Large,cap122,P1,NSGA-II,3,175000.000,780203.800
Large,cap122,P1,NSGA-II,3,162500.000,806918.275
Large,cap122,P1,NSGA-II,3,200000.000,751042.637
Large,cap122,P1,NSGA-II,3,187500.000,777106.338
Large,cap122,P1,NSGA-II,3,137500.000,840924.275
Large,cap122,P1,NSGA-II,3,125000.000,861551.825
Large,cap122,P1,NSGA-II,3,150000.000,820652.988
Large,cap122,P1,NSGA-II,3,225000.000,735599.812
Large,cap122,P1,NSGA-II,3,212500.000,744509.012
Large,cap122,P1,NSGA-II,3,237500.000,729762.100
Large,cap122,P1,NSGA-II,3,262500.000,722292.000
Large,cap122,P1,NSGA-II,3,250000.000,727761.325
Large,cap122,P1,NSGA-II,3,312500.000,706701.713
Large,cap122,P1,NSGA-II,3,300000.000,711889.825
Large,cap122,P1,NSGA-II,3,287500.000,715778.050
Large,cap122,P1,NSGA-II,3,275000.000,720291.225
Large,cap122,P1,NSGA-II,3,325000.000,703908.363
Large,cap122,P1,SPEA2,3,250000.000,741414.475
Large,cap122,P1,SPEA2,3,275000.000,736391.012
Large,cap122,P1,SPEA2,3,187500.000,782896.275
Large,cap122,P1,SPEA2,3,162500.000,816504.000
Large,cap122,P1,SPEA2,3,87500.000,1008424.875
Large,cap122,P1,SPEA2,3,75000.000,1027223.988
Large,cap122,P1,SPEA2,3,175000.000,794063.137
Large,cap122,P1,SPEA2,3,50000.000,1469877.413
Large,cap122,P1,SPEA2,3,300000.000,720892.275
Large,cap122,P1,SPEA2,3,237500.000,745802.050
Large,cap122,P1,SPEA2,3,212500.000,766267.800
Large,cap122,P1,SPEA2,3,225000.000,750489.613
Large,cap122,P1,SPEA2,3,150000.000,834533.162
Large,cap122,P1,SPEA2,3,287500.000,725279.850
Large,cap122,P1,SPEA2,3,137500.000,856974.025
Large,cap122,P1,SPEA2,3,62500.000,1156407.587
Large,cap122,P1,SPEA2,3,125000.000,868140.887
Large,cap122,P1,SPEA2,3,200000.000,782780.738
Large,cap122,P1,SPEA2,3,112500.000,913461.887
Large,cap122,P1,SPEA2,3,100000.000,932261.000
Large,cap122,P1,NSGA-II,4,350000.000,693698.262
Large,cap122,P1,NSGA-II,4,50000.000,1189507.137
Large,cap122,P1,NSGA-II,4,62500.000,1065455.938
Large,cap122,P1,NSGA-II,4,75000.000,997413.575
Large,cap122,P1,NSGA-II,4,112500.000,924873.438
Large,cap122,P1,NSGA-II,4,100000.000,963078.800
Large,cap122,P1,NSGA-II,4,200000.000,765447.588
Large,cap122,P1,NSGA-II,4,137500.000,869988.800
Large,cap122,P1,NSGA-II,4,125000.000,903570.625
Large,cap122,P1,NSGA-II,4,225000.000,743903.938
Large,cap122,P1,NSGA-II,4,150000.000,839366.000
Large,cap122,P1,NSGA-II,4,325000.000,695807.850
Large,cap122,P1,NSGA-II,4,187500.000,779911.775
Large,cap122,P1,NSGA-II,4,175000.000,802729.425
Large,cap122,P1,NSGA-II,4,162500.000,818063.188
Large,cap122,P1,NSGA-II,4,87500.000,976110.762
Large,cap122,P1,NSGA-II,4,250000.000,713133.262
Large,cap122,P1,NSGA-II,4,237500.000,733621.762
Large,cap122,P1,NSGA-II,4,262500.000,706192.537
Large,cap122,P1,NSGA-II,4,312500.000,698484.850
Large,cap122,P1,NSGA-II,4,300000.000,700970.637
Large,cap122,P1,NSGA-II,4,287500.000,703647.637
Large,cap122,P1,NSGA-II,4,275000.000,705396.825
Large,cap122,P1,SPEA2,4,62500.000,1217796.913
Large,cap122,P1,SPEA2,4,162500.000,780702.650
Large,cap122,P1,SPEA2,4,275000.000,730982.375
Large,cap122,P1,SPEA2,4,300000.000,718358.488
Large,cap122,P1,SPEA2,4,137500.000,802089.350
Large,cap122,P1,SPEA2,4,262500.000,734566.863
Large,cap122,P1,SPEA2,4,125000.000,818084.037
Large,cap122,P1,SPEA2,4,187500.000,772922.450
Large,cap122,P1,SPEA2,4,75000.000,1190054.012
Large,cap122,P1,SPEA2,4,287500.000,722049.550
Large,cap122,P1,SPEA2,4,175000.000,779730.512
Large,cap122,P1,SPEA2,4,237500.000,742198.500
Large,cap122,P1,SPEA2,4,212500.000,750911.100
Large,cap122,P1,SPEA2,4,225000.000,743130.900
Large,cap122,P1,SPEA2,4,200000.000,766905.787
Large,cap122,P1,SPEA2,4,150000.000,796697.338
Large,cap122,P1,SPEA2,4,250000.000,739283.738
Large,cap122,P1,SPEA2,4,112500.000,853471.137
Large,cap122,P1,SPEA2,4,100000.000,898925.450
Large,cap122,P1,SPEA2,4,87500.000,924470.500
Large,cap122,P1,SPEA2,4,50000.000,1230551.000
Large,cap122,P1,NSGA-II,5,362500.000,707374.575
Large,cap122,P1,NSGA-II,5,50000.000,1448655.075
Large,cap122,P1,NSGA-II,5,62500.000,1094600.238
Large,cap122,P1,NSGA-II,5,75000.000,978219.625
Large,cap122,P1,NSGA-II,5,100000.000,877389.662
Large,cap122,P1,NSGA-II,5,87500.000,955417.688
Large,cap122,P1,NSGA-II,5,125000.000,834907.137
Large,cap122,P1,NSGA-II,5,187500.000,789138.438
Large,cap122,P1,NSGA-II,5,350000.000,708404.963
Large,cap122,P1,NSGA-II,5,112500.000,848985.537
Large,cap122,P1,NSGA-II,5,200000.000,773738.275
Large,cap122,P1,NSGA-II,5,137500.000,821269.887
Large,cap122,P1,NSGA-II,5,162500.000,799428.125
Large,cap122,P1,NSGA-II,5,150000.000,812620.637
Large,cap122,P1,NSGA-II,5,237500.000,749232.262
Large,cap122,P1,NSGA-II,5,225000.000,761642.188
Large,cap122,P1,NSGA-II,5,275000.000,727199.600
Large,cap122,P1,NSGA-II,5,262500.000,737582.500
Large,cap122,P1,NSGA-II,5,212500.000,770581.713
Large,cap122,P1,NSGA-II,5,175000.000,796233.550
Large,cap122,P1,NSGA-II,5,250000.000,742928.162
Large,cap122,P1,NSGA-II,5,287500.000,721324.838
Large,cap122,P1,NSGA-II,5,337500.000,710404.512
Large,cap122,P1,NSGA-II,5,325000.000,713680.262
Large,cap122,P1,NSGA-II,5,312500.000,715969.762
Large,cap122,P1,NSGA-II,5,300000.000,719035.338
Large,cap122,P1,SPEA2,5,87500.000,945672.500
Large,cap122,P1,SPEA2,5,237500.000,736157.825
Large,cap122,P1,SPEA2,5,100000.000,877630.137
Large,cap122,P1,SPEA2,5,200000.000,772903.338
Large,cap122,P1,SPEA2,5,175000.000,791004.762
Large,cap122,P1,SPEA2,5,162500.000,804299.162
Large,cap122,P1,SPEA2,5,150000.000,817787.475
Large,cap122,P1,SPEA2,5,137500.000,832852.575
Large,cap122,P1,SPEA2,5,312500.000,698406.200
Large,cap122,P1,SPEA2,5,187500.000,774833.713
Large,cap122,P1,SPEA2,5,250000.000,724981.050
Large,cap122,P1,SPEA2,5,125000.000,840721.575
Large,cap122,P1,SPEA2,5,112500.000,864577.325
Large,cap122,P1,SPEA2,5,225000.000,747530.450
Large,cap122,P1,SPEA2,5,262500.000,722590.850
Large,cap122,P1,SPEA2,5,287500.000,699799.262
Large,cap122,P1,SPEA2,5,275000.000,712575.425
Large,cap122,P1,SPEA2,5,212500.000,766762.475
Large,cap122,P1,SPEA2,5,300000.000,699164.188
Large,cap122,P1,SPEA2,5,75000.000,1056219.887
Large,cap122,P1,SPEA2,5,62500.000,1116400.775
Large,cap122,P1,SPEA2,5,325000.000,696479.000
Large,cap122,P1,SPEA2,5,50000.000,1447779.712
Large,cap122,P1,NSGA-II,6,337500.000,708611.438
Large,cap122,P1,NSGA-II,6,50000.000,1373124.337
Large,cap122,P1,NSGA-II,6,75000.000,1148980.700
Large,cap122,P1,NSGA-II,6,62500.000,1285815.038
Large,cap122,P1,NSGA-II,6,87500.000,1028586.412
Large,cap122,P1,NSGA-II,6,150000.000,837176.225
Large,cap122,P1,NSGA-II,6,137500.000,886924.387
Large,cap122,P1,NSGA-II,6,112500.000,946102.688
Large,cap122,P1,NSGA-II,6,100000.000,989114.363
Large,cap122,P1,NSGA-II,6,125000.000,928518.037
Large,cap122,P1,NSGA-II,6,175000.000,807108.875
Large,cap122,P1,NSGA-II,6,162500.000,822601.400
Large,cap122,P1,NSGA-II,6,237500.000,756085.650
Large,cap122,P1,NSGA-II,6,225000.000,770123.500
Large,cap122,P1,NSGA-II,6,200000.000,784481.938
Large,cap122,P1,NSGA-II,6,187500.000,797556.125
Large,cap122,P1,NSGA-II,6,212500.000,774030.725
Large,cap122,P1,NSGA-II,6,262500.000,741508.700
Large,cap122,P1,NSGA-II,6,250000.000,751771.488
Large,cap122,P1,NSGA-II,6,275000.000,732421.137
Large,cap122,P1,NSGA-II,6,325000.000,712720.613
Large,cap122,P1,NSGA-II,6,312500.000,720850.500
Large,cap122,P1,NSGA-II,6,300000.000,727145.100
Large,cap122,P1,NSGA-II,6,287500.000,727511.375
Large,cap122,P1,SPEA2,6,100000.000,915086.787
Large,cap122,P1,SPEA2,6,262500.000,763456.250
Large,cap122,P1,SPEA2,6,112500.000,892339.600
Large,cap122,P1,SPEA2,6,287500.000,744551.988
Large,cap122,P1,SPEA2,6,175000.000,811218.350
Large,cap122,P1,SPEA2,6,200000.000,805971.738
Large,cap122,P1,SPEA2,6,225000.000,793604.775
Large,cap122,P1,SPEA2,6,237500.000,777453.575
Large,cap122,P1,SPEA2,6,275000.000,748768.700
Large,cap122,P1,SPEA2,6,300000.000,738476.387
Large,cap122,P1,SPEA2,6,162500.000,817130.463
Large,cap122,P1,SPEA2,6,125000.000,879369.037
Large,cap122,P1,SPEA2,6,137500.000,847979.175
Large,cap122,P1,SPEA2,6,150000.000,831965.200
Large,cap122,P1,SPEA2,6,250000.000,769036.450
Large,cap122,P1,SPEA2,6,212500.000,802021.900
Large,cap122,P1,SPEA2,6,75000.000,1160106.712
Large,cap122,P1,SPEA2,6,87500.000,1050194.587
Large,cap122,P1,SPEA2,6,62500.000,1239404.100
Large,cap122,P1,SPEA2,6,50000.000,1374386.287
Large,cap122,P1,SPEA2,6,312500.000,734627.988
Large,cap122,P1,NSGA-II,7,350000.000,716399.062
Large,cap122,P1,NSGA-II,7,50000.000,1221515.337
Large,cap122,P1,NSGA-II,7,62500.000,1088588.812
Large,cap122,P1,NSGA-II,7,137500.000,848586.238
Large,cap122,P1,NSGA-II,7,75000.000,1006120.012
Large,cap122,P1,NSGA-II,7,125000.000,895616.825
Large,cap122,P1,NSGA-II,7,112500.000,912649.912
Large,cap122,P1,NSGA-II,7,100000.000,947094.950
Large,cap122,P1,NSGA-II,7,87500.000,979469.825
Large,cap122,P1,NSGA-II,7,200000.000,780665.787
Large,cap122,P1,NSGA-II,7,175000.000,797281.650
Large,cap122,P1,NSGA-II,7,162500.000,825193.675
Large,cap122,P1,NSGA-II,7,325000.000,718349.650
Large,cap122,P1,NSGA-II,7,150000.000,831988.738
Large,cap122,P1,NSGA-II,7,300000.000,726825.325
Large,cap122,P1,NSGA-II,7,287500.000,738807.400
Large,cap122,P1,NSGA-II,7,237500.000,759137.400
Large,cap122,P1,NSGA-II,7,225000.000,769355.525
Large,cap122,P1,NSGA-II,7,275000.000,739251.262
Large,cap122,P1,NSGA-II,7,262500.000,748846.825
Large,cap122,P1,NSGA-II,7,187500.000,788594.688
Large,cap122,P1,NSGA-II,7,212500.000,777284.425
Large,cap122,P1,NSGA-II,7,250000.000,751233.338
Large,cap122,P1,NSGA-II,7,312500.000,721661.050
Large,cap122,P1,SPEA2,7,150000.000,869046.463
Large,cap122,P1,SPEA2,7,112500.000,915318.137
Large,cap122,P1,SPEA2,7,287500.000,726562.812
Large,cap122,P1,SPEA2,7,237500.000,761643.475
Large,cap122,P1,SPEA2,7,262500.000,745487.137
Large,cap122,P1,SPEA2,7,87500.000,972167.025
Large,cap122,P1,SPEA2,7,137500.000,875176.787
Large,cap122,P1,SPEA2,7,75000.000,1015805.112
Large,cap122,P1,SPEA2,7,62500.000,1098273.913
Large,cap122,P1,SPEA2,7,312500.000,714011.600
Large,cap122,P1,SPEA2,7,50000.000,1222325.113
Large,cap122,P1,SPEA2,7,162500.000,858203.887
Large,cap122,P1,SPEA2,7,212500.000,805556.425
Large,cap122,P1,SPEA2,7,275000.000,737518.912
Large,cap122,P1,SPEA2,7,337500.000,703861.963
Large,cap122,P1,SPEA2,7,325000.000,705036.387
Large,cap122,P1,SPEA2,7,200000.000,811932.963
Large,cap122,P1,SPEA2,7,350000.000,702417.963
Large,cap122,P1,SPEA2,7,362500.000,701379.775
Large,cap122,P1,SPEA2,7,175000.000,846294.812
Large,cap122,P1,SPEA2,7,125000.000,890384.075
Large,cap122,P1,SPEA2,7,187500.000,823717.188
Large,cap122,P1,SPEA2,7,100000.000,942225.850
Large,cap122,P1,SPEA2,7,225000.000,791030.425
Large,cap122,P1,NSGA-II,8,350000.000,715476.875
Large,cap122,P1,NSGA-II,8,50000.000,1250767.413
Large,cap122,P1,NSGA-II,8,75000.000,1110536.350
Large,cap122,P1,NSGA-II,8,62500.000,1209474.400
Large,cap122,P1,NSGA-II,8,112500.000,904248.600
Large,cap122,P1,NSGA-II,8,100000.000,989269.575
Large,cap122,P1,NSGA-II,8,87500.000,1039424.912
Large,cap122,P1,NSGA-II,8,275000.000,736917.900
Large,cap122,P1,NSGA-II,8,312500.000,733884.375
Large,cap122,P1,NSGA-II,8,125000.000,879977.137
Large,cap122,P1,NSGA-II,8,262500.000,759028.350
Large,cap122,P1,NSGA-II,8,150000.000,841570.425
Large,cap122,P1,NSGA-II,8,137500.000,860898.075
Large,cap122,P1,NSGA-II,8,175000.000,816587.750
Large,cap122,P1,NSGA-II,8,162500.000,835666.812
Large,cap122,P1,NSGA-II,8,212500.000,782856.738
Large,cap122,P1,NSGA-II,8,200000.000,799144.938
Large,cap122,P1,NSGA-II,8,187500.000,811846.363
Large,cap122,P1,NSGA-II,8,325000.000,723064.838
Large,cap122,P1,NSGA-II,8,237500.000,768398.787
Large,cap122,P1,NSGA-II,8,225000.000,777145.550
Large,cap122,P1,NSGA-II,8,250000.000,764047.588
Large,cap122,P1,NSGA-II,8,337500.000,718251.562
Large,cap122,P1,SPEA2,8,175000.000,866212.662
Large,cap122,P1,SPEA2,8,212500.000,821923.850
Large,cap122,P1,SPEA2,8,200000.000,847506.475
Large,cap122,P1,SPEA2,8,100000.000,945640.675
Large,cap122,P1,SPEA2,8,62500.000,1118256.038
Large,cap122,P1,SPEA2,8,50000.000,1262611.788
Large,cap122,P1,SPEA2,8,225000.000,807161.412
Large,cap122,P1,SPEA2,8,137500.000,902808.262
Large,cap122,P1,SPEA2,8,150000.000,894758.325
Large,cap122,P1,SPEA2,8,112500.000,934834.800
Large,cap122,P1,SPEA2,8,162500.000,880728.575
Large,cap122,P1,SPEA2,8,125000.000,922211.988
Large,cap122,P1,SPEA2,8,187500.000,853869.512
Large,cap122,P1,SPEA2,8,287500.000,766221.738
Large,cap122,P1,SPEA2,8,237500.000,802653.412
Large,cap122,P1,SPEA2,8,262500.000,780004.375
Large,cap122,P1,SPEA2,8,275000.000,773739.787
Large,cap122,P1,SPEA2,8,250000.000,792536.512
Large,cap122,P1,SPEA2,8,75000.000,1042120.338
Large,cap122,P1,SPEA2,8,87500.000,975565.400
Large,cap122,P1,SPEA2,8,325000.000,723641.088
Large,cap122,P1,SPEA2,8,300000.000,750029.175
Large,cap122,P1,SPEA2,8,312500.000,733903.875
Large,cap122,P1,NSGA-II,9,312500.000,732883.838
Large,cap122,P1,NSGA-II,9,50000.000,1109888.000
Large,cap122,P1,NSGA-II,9,87500.000,958884.850
Large,cap122,P1,NSGA-II,9,75000.000,1046507.725
Large,cap122,P1,NSGA-II,9,125000.000,825686.612
Large,cap122,P1,NSGA-II,9,112500.000,895578.050
Large,cap122,P1,NSGA-II,9,275000.000,735182.162
Large,cap122,P1,NSGA-II,9,100000.000,897599.350
Large,cap122,P1,NSGA-II,9,150000.000,802403.162
Large,cap122,P1,NSGA-II,9,62500.000,1080765.125
Large,cap122,P1,NSGA-II,9,262500.000,741869.875
Large,cap122,P1,NSGA-II,9,200000.000,773199.612
Large,cap122,P1,NSGA-II,9,187500.000,794330.213
Large,cap122,P1,NSGA-II,9,137500.000,805630.487
Large,cap122,P1,NSGA-II,9,175000.000,795365.925
Large,cap122,P1,NSGA-II,9,225000.000,752981.425
Large,cap122,P1,NSGA-II,9,212500.000,766843.200
Large,cap122,P1,NSGA-II,9,237500.000,746293.713
Large,cap122,P1,NSGA-II,9,250000.000,742297.713
Large,cap122,P1,SPEA2,9,125000.000,867632.137
Large,cap122,P1,SPEA2,9,112500.000,880213.387
Large,cap122,P1,SPEA2,9,100000.000,913956.800
Large,cap122,P1,SPEA2,9,250000.000,767861.363
Large,cap122,P1,SPEA2,9,87500.000,962711.900
Large,cap122,P1,SPEA2,9,162500.000,826250.925
Large,cap122,P1,SPEA2,9,212500.000,795235.113
Large,cap122,P1,SPEA2,9,287500.000,748669.912
Large,cap122,P1,SPEA2,9,62500.000,1060135.262
Large,cap122,P1,SPEA2,9,137500.000,845371.000
Large,cap122,P1,SPEA2,9,50000.000,1125785.625
Large,cap122,P1,SPEA2,9,300000.000,747882.887
Large,cap122,P1,SPEA2,9,275000.000,755917.350
Large,cap122,P1,SPEA2,9,75000.000,1010090.262
Large,cap122,P1,SPEA2,9,225000.000,778451.575
Large,cap122,P1,SPEA2,9,237500.000,771253.475
Large,cap122,P1,SPEA2,9,200000.000,806226.162
Large,cap122,P1,SPEA2,9,150000.000,843784.762
Large,cap122,P1,SPEA2,9,175000.000,817496.750
Large,cap122,P1,SPEA2,9,262500.000,760663.262
Large,cap122,P1,SPEA2,9,187500.000,810298.650
Large,cap122,P1,SPEA2,9,312500.000,744356.012
Large,cap122,P1,NSGA-II,10,362500.000,705510.662
Large,cap122,P1,NSGA-II,10,50000.000,1689163.312
Large,cap122,P1,NSGA-II,10,62500.000,1146320.438
Large,cap122,P1,NSGA-II,10,237500.000,778521.075
Large,cap122,P1,NSGA-II,10,112500.000,967240.850
Large,cap122,P1,NSGA-II,10,87500.000,1019883.387
Large,cap122,P1,NSGA-II,10,75000.000,1101068.425
Large,cap122,P1,NSGA-II,10,125000.000,955140.475
Large,cap122,P1,NSGA-II,10,312500.000,714060.875
Large,cap122,P1,NSGA-II,10,212500.000,802079.175
Large,cap122,P1,NSGA-II,10,100000.000,1006611.762
Large,cap122,P1,NSGA-II,10,150000.000,900199.938
Large,cap122,P1,NSGA-II,10,137500.000,933452.262
Large,cap122,P1,NSGA-II,10,175000.000,861787.150
Large,cap122,P1,NSGA-II,10,162500.000,891632.938
Large,cap122,P1,NSGA-II,10,187500.000,834358.650
Large,cap122,P1,NSGA-II,10,200000.000,815353.238
Large,cap122,P1,NSGA-II,10,262500.000,753220.800
Large,cap122,P1,NSGA-II,10,250000.000,768306.050
Large,cap122,P1,NSGA-II,10,300000.000,727378.075
Large,cap122,P1,NSGA-II,10,287500.000,735553.000
Large,cap122,P1,NSGA-II,10,275000.000,747585.100
Large,cap122,P1,NSGA-II,10,337500.000,707113.312
Large,cap122,P1,NSGA-II,10,325000.000,712671.988
Large,cap122,P1,NSGA-II,10,350000.000,705724.425
Large,cap122,P1,SPEA2,10,175000.000,840439.688
Large,cap122,P1,SPEA2,10,162500.000,846835.150
Large,cap122,P1,SPEA2,10,312500.000,723764.762
Large,cap122,P1,SPEA2,10,50000.000,1689163.312
Large,cap122,P1,SPEA2,10,87500.000,977553.062
Large,cap122,P1,SPEA2,10,150000.000,860538.463
Large,cap122,P1,SPEA2,10,275000.000,739142.662
Large,cap122,P1,SPEA2,10,75000.000,1021687.213
Large,cap122,P1,SPEA2,10,350000.000,715441.325
Large,cap122,P1,SPEA2,10,125000.000,929129.675
Large,cap122,P1,SPEA2,10,200000.000,794762.700
Large,cap122,P1,SPEA2,10,137500.000,880506.213
Large,cap122,P1,SPEA2,10,62500.000,1123477.613
Large,cap122,P1,SPEA2,10,112500.000,949687.125
Large,cap122,P1,SPEA2,10,187500.000,813015.312
Large,cap122,P1,SPEA2,10,212500.000,793156.225
Large,cap122,P1,SPEA2,10,225000.000,764135.075
Large,cap122,P1,SPEA2,10,237500.000,762135.262
Large,cap122,P1,SPEA2,10,300000.000,729482.963
Large,cap122,P1,SPEA2,10,287500.000,731728.350
Large,cap122,P1,SPEA2,10,325000.000,721843.188
Large,cap122,P1,SPEA2,10,250000.000,750298.325
Large,cap122,P1,SPEA2,10,262500.000,748298.512
Large,cap122,P1,SPEA2,10,337500.000,718051.075
Large,cap122,P2,NSGA-II,1,350000.000,699613.525
Large,cap122,P2,NSGA-II,1,50000.000,1235906.475
Large,cap122,P2,NSGA-II,1,62500.000,1088506.925
Large,cap122,P2,NSGA-II,1,75000.000,998253.987
Large,cap122,P2,NSGA-II,1,100000.000,896527.912
Large,cap122,P2,NSGA-II,1,87500.000,962742.550
Large,cap122,P2,NSGA-II,1,137500.000,820794.762
Large,cap122,P2,NSGA-II,1,212500.000,759595.238
Large,cap122,P2,NSGA-II,1,200000.000,781454.488
Large,cap122,P2,NSGA-II,1,162500.000,804029.650
Large,cap122,P2,NSGA-II,1,125000.000,849781.625
Large,cap122,P2,NSGA-II,1,112500.000,893662.287
Large,cap122,P2,NSGA-II,1,187500.000,785220.363
Large,cap122,P2,NSGA-II,1,237500.000,736154.300
Large,cap122,P2,NSGA-II,1,225000.000,753666.637
Large,cap122,P2,NSGA-II,1,262500.000,717793.912
Large,cap122,P2,NSGA-II,1,250000.000,733775.925
Large,cap122,P2,NSGA-II,1,150000.000,818037.887
Large,cap122,P2,NSGA-II,1,175000.000,793910.325
Large,cap122,P2,NSGA-II,1,275000.000,710549.012
Large,cap122,P2,NSGA-II,1,287500.000,706713.963
Large,cap122,P2,NSGA-II,1,312500.000,703609.575
Large,cap122,P2,NSGA-II,1,300000.000,705733.125
Large,cap122,P2,NSGA-II,1,337500.000,700047.175
Large,cap122,P2,NSGA-II,1,325000.000,702170.725
Large,cap122,P2,SPEA2,1,112500.000,889727.838
Large,cap122,P2,SPEA2,1,162500.000,816310.325
Large,cap122,P2,SPEA2,1,250000.000,729140.312
Large,cap122,P2,SPEA2,1,225000.000,733944.950
Large,cap122,P2,SPEA2,1,125000.000,851796.463
Large,cap122,P2,SPEA2,1,150000.000,826276.412
Large,cap122,P2,SPEA2,1,87500.000,971053.287
Large,cap122,P2,SPEA2,1,137500.000,838459.062
Large,cap122,P2,SPEA2,1,200000.000,770412.700
Large,cap122,P2,SPEA2,1,262500.000,719443.475
Large,cap122,P2,SPEA2,1,100000.000,909344.750
Large,cap122,P2,SPEA2,1,237500.000,730675.025
Large,cap122,P2,SPEA2,1,312500.000,709680.325
Large,cap122,P2,SPEA2,1,75000.000,1070148.400
Large,cap122,P2,SPEA2,1,275000.000,715608.425
Large,cap122,P2,SPEA2,1,212500.000,740322.575
Large,cap122,P2,SPEA2,1,175000.000,806557.088
Large,cap122,P2,SPEA2,1,287500.000,712084.012
Large,cap122,P2,SPEA2,1,187500.000,784463.450
Large,cap122,P2,SPEA2,1,62500.000,1212006.137
Large,cap122,P2,SPEA2,1,337500.000,709244.050
Large,cap122,P2,SPEA2,1,300000.000,710782.500
Large,cap122,P2,SPEA2,1,50000.000,1269459.775
Large,cap122,P2,NSGA-II,2,375000.000,717853.025
Large,cap122,P2,NSGA-II,2,50000.000,1261540.575
Large,cap122,P2,NSGA-II,2,75000.000,968520.438
Large,cap122,P2,NSGA-II,2,62500.000,1153037.113
Large,cap122,P2,NSGA-II,2,87500.000,939890.688
Large,cap122,P2,NSGA-II,2,350000.000,719756.037
Large,cap122,P2,NSGA-II,2,325000.000,721406.662
Large,cap122,P2,NSGA-II,2,200000.000,768160.088
Large,cap122,P2,NSGA-II,2,100000.000,902407.425
Large,cap122,P2,NSGA-II,2,112500.000,865938.963
Large,cap122,P2,NSGA-II,2,212500.000,755409.987
Large,cap122,P2,NSGA-II,2,250000.000,743581.262
Large,cap122,P2,NSGA-II,2,187500.000,772149.488
Large,cap122,P2,NSGA-II,2,175000.000,799862.675
Large,cap122,P2,NSGA-II,2,237500.000,749419.812
Large,cap122,P2,NSGA-II,2,287500.000,734411.400
Large,cap122,P2,NSGA-II,2,275000.000,736412.175
Large,cap122,P2,NSGA-II,2,125000.000,841172.125
Large,cap122,P2,NSGA-II,2,150000.000,813883.925
Large,cap122,P2,NSGA-II,2,137500.000,828351.625
Large,cap122,P2,NSGA-II,2,162500.000,808456.100
Large,cap122,P2,NSGA-II,2,312500.000,725309.050
Large,cap122,P2,NSGA-II,2,300000.000,731741.975
Large,cap122,P2,NSGA-II,2,262500.000,739052.287
Large,cap122,P2,SPEA2,2,275000.000,718211.550
Large,cap122,P2,SPEA2,2,212500.000,747809.700
Large,cap122,P2,SPEA2,2,175000.000,762480.537
Large,cap122,P2,SPEA2,2,187500.000,751303.387
Large,cap122,P2,SPEA2,2,162500.000,783306.562
Large,cap122,P2,SPEA2,2,75000.000,1052149.300
Large,cap122,P2,SPEA2,2,125000.000,826757.762
Large,cap122,P2,SPEA2,2,112500.000,863624.238
Large,cap122,P2,SPEA2,2,150000.000,788643.738
Large,cap122,P2,SPEA2,2,262500.000,730813.575
Large,cap122,P2,SPEA2,2,237500.000,734228.512
Large,cap122,P2,SPEA2,2,137500.000,805216.150
Large,cap122,P2,SPEA2,2,225000.000,737289.338
Large,cap122,P2,SPEA2,2,100000.000,885165.850
Large,cap122,P2,SPEA2,2,62500.000,1152048.262
Large,cap122,P2,SPEA2,2,87500.000,927549.700
Large,cap122,P2,SPEA2,2,50000.000,1271941.762
Large,cap122,P2,SPEA2,2,200000.000,750753.500
Large,cap122,P2,SPEA2,2,250000.000,733229.613
Large,cap122,P2,NSGA-II,3,275000.000,685749.900
Large,cap122,P2,NSGA-II,3,262500.000,691461.088
Large,cap122,P2,NSGA-II,3,250000.000,694017.637
Large,cap122,P2,NSGA-II,3,237500.000,704547.037
Large,cap122,P2,NSGA-II,3,225000.000,710258.225
Large,cap122,P2,NSGA-II,3,212500.000,714234.825
Large,cap122,P2,NSGA-II,3,200000.000,724845.537
Large,cap122,P2,NSGA-II,3,187500.000,730556.725
Large,cap122,P2,NSGA-II,3,175000.000,740245.238
Large,cap122,P2,NSGA-II,3,162500.000,745956.425
Large,cap122,P2,NSGA-II,3,150000.000,767890.213
Large,cap122,P2,NSGA-II,3,137500.000,806738.375
Large,cap122,P2,NSGA-II,3,125000.000,826708.075
Large,cap122,P2,NSGA-II,3,112500.000,850209.887
Large,cap122,P2,NSGA-II,3,100000.000,883203.000
Large,cap122,P2,NSGA-II,3,87500.000,925521.488
Large,cap122,P2,NSGA-II,3,75000.000,991159.950
Large,cap122,P2,NSGA-II,3,62500.000,1208111.500
Large,cap122,P2,NSGA-II,3,50000.000,1256620.125
Large,cap122,P2,SPEA2,3,62500.000,1216380.337
Large,cap122,P2,SPEA2,3,100000.000,956734.713
Large,cap122,P2,SPEA2,3,287500.000,703664.950
Large,cap122,P2,SPEA2,3,112500.000,915265.300
Large,cap122,P2,SPEA2,3,162500.000,798551.125
Large,cap122,P2,SPEA2,3,275000.000,722491.963
Large,cap122,P2,SPEA2,3,125000.000,884198.825
Large,cap122,P2,SPEA2,3,75000.000,1062949.712
Large,cap122,P2,SPEA2,3,237500.000,751369.325
Large,cap122,P2,SPEA2,3,187500.000,780909.900
Large,cap122,P2,SPEA2,3,212500.000,757880.525
Large,cap122,P2,SPEA2,3,87500.000,999053.200
Large,cap122,P2,SPEA2,3,150000.000,839548.850
Large,cap122,P2,SPEA2,3,225000.000,752969.300
Large,cap122,P2,SPEA2,3,200000.000,771946.925
Large,cap122,P2,SPEA2,3,175000.000,794102.213
Large,cap122,P2,SPEA2,3,250000.000,743591.750
Large,cap122,P2,SPEA2,3,137500.000,866524.988
Large,cap122,P2,SPEA2,3,262500.000,730399.438
Large,cap122,P2,SPEA2,3,50000.000,1256620.125
Large,cap122,P2,NSGA-II,4,350000.000,706925.475
Large,cap122,P2,NSGA-II,4,337500.000,709591.650
Large,cap122,P2,NSGA-II,4,325000.000,719969.137
Large,cap122,P2,NSGA-II,4,300000.000,722784.825
Large,cap122,P2,NSGA-II,4,287500.000,732297.912
Large,cap122,P2,NSGA-II,4,275000.000,739151.713
Large,cap122,P2,NSGA-II,4,250000.000,743817.213
Large,cap122,P2,NSGA-II,4,225000.000,763640.825
Large,cap122,P2,NSGA-II,4,212500.000,802090.550
Large,cap122,P2,NSGA-II,4,200000.000,803312.338
Large,cap122,P2,NSGA-II,4,162500.000,822789.575
Large,cap122,P2,NSGA-II,4,150000.000,844092.387
Large,cap122,P2,NSGA-II,4,137500.000,873289.588
Large,cap122,P2,NSGA-II,4,125000.000,889806.562
Large,cap122,P2,NSGA-II,4,112500.000,915062.000
Large,cap122,P2,NSGA-II,4,100000.000,952369.387
Large,cap122,P2,NSGA-II,4,87500.000,999804.463
Large,cap122,P2,NSGA-II,4,75000.000,1005118.713
Large,cap122,P2,NSGA-II,4,62500.000,1086796.462
Large,cap122,P2,NSGA-II,4,50000.000,1212967.938
Large,cap122,P2,SPEA2,4,212500.000,785609.137
Large,cap122,P2,SPEA2,4,175000.000,823527.325
Large,cap122,P2,SPEA2,4,262500.000,748349.875
Large,cap122,P2,SPEA2,4,162500.000,846754.225
Large,cap122,P2,SPEA2,4,125000.000,893645.537
Large,cap122,P2,SPEA2,4,225000.000,778123.863
Large,cap122,P2,SPEA2,4,237500.000,756697.575
Large,cap122,P2,SPEA2,4,50000.000,1227239.062
Large,cap122,P2,SPEA2,4,275000.000,738710.975
Large,cap122,P2,SPEA2,4,187500.000,801820.500
Large,cap122,P2,SPEA2,4,250000.000,754013.800
Large,cap122,P2,SPEA2,4,112500.000,916656.550
Large,cap122,P2,SPEA2,4,137500.000,867957.000
Large,cap122,P2,SPEA2,4,300000.000,733985.350
Large,cap122,P2,SPEA2,4,325000.000,728155.512
Large,cap122,P2,SPEA2,4,75000.000,1027771.887
Large,cap122,P2,SPEA2,4,150000.000,867232.412
Large,cap122,P2,SPEA2,4,200000.000,789755.525
Large,cap122,P2,SPEA2,4,87500.000,970941.000
Large,cap122,P2,SPEA2,4,62500.000,1103187.863
Large,cap122,P2,SPEA2,4,100000.000,946701.862
Large,cap122,P2,SPEA2,4,312500.000,731088.287
Large,cap122,P2,NSGA-II,5,337500.000,701244.287
Large,cap122,P2,NSGA-II,5,50000.000,1333121.825
Large,cap122,P2,NSGA-II,5,62500.000,1058304.288
Large,cap122,P2,NSGA-II,5,100000.000,892159.363
Large,cap122,P2,NSGA-II,5,87500.000,966926.637
Large,cap122,P2,NSGA-II,5,75000.000,997420.375
Large,cap122,P2,NSGA-II,5,312500.000,703302.900
Large,cap122,P2,NSGA-II,5,125000.000,832099.900
Large,cap122,P2,NSGA-II,5,112500.000,845737.150
Large,cap122,P2,NSGA-II,5,250000.000,731439.412
Large,cap122,P2,NSGA-II,5,187500.000,775697.525
Large,cap122,P2,NSGA-II,5,212500.000,758134.150
Large,cap122,P2,NSGA-II,5,300000.000,706954.800
Large,cap122,P2,NSGA-II,5,237500.000,747805.637
Large,cap122,P2,NSGA-II,5,175000.000,787762.475
Large,cap122,P2,NSGA-II,5,162500.000,802097.088
Large,cap122,P2,NSGA-II,5,200000.000,771281.075
Large,cap122,P2,NSGA-II,5,150000.000,813917.463
Large,cap122,P2,NSGA-II,5,137500.000,825263.963
Large,cap122,P2,NSGA-II,5,287500.000,711613.425
Large,cap122,P2,NSGA-II,5,275000.000,721941.950
Large,cap122,P2,NSGA-II,5,225000.000,754831.838
Large,cap122,P2,NSGA-II,5,262500.000,728884.662
Large,cap122,P2,SPEA2,5,87500.000,907965.825
Large,cap122,P2,SPEA2,5,100000.000,885163.887
Large,cap122,P2,SPEA2,5,175000.000,793095.950
Large,cap122,P2,SPEA2,5,225000.000,759905.000
Large,cap122,P2,SPEA2,5,312500.000,717407.412
Large,cap122,P2,SPEA2,5,300000.000,721942.912
Large,cap122,P2,SPEA2,5,275000.000,736094.275
Large,cap122,P2,SPEA2,5,337500.000,708108.600
Large,cap122,P2,SPEA2,5,125000.000,842551.925
Large,cap122,P2,SPEA2,5,237500.000,756876.900
Large,cap122,P2,SPEA2,5,262500.000,738941.425
Large,cap122,P2,SPEA2,5,350000.000,706181.400
Large,cap122,P2,SPEA2,5,250000.000,750761.525
Large,cap122,P2,SPEA2,5,212500.000,767305.300
Large,cap122,P2,SPEA2,5,200000.000,779565.525
Large,cap122,P2,SPEA2,5,137500.000,836553.662
Large,cap122,P2,SPEA2,5,75000.000,943701.450
Large,cap122,P2,SPEA2,5,62500.000,1010735.162
Large,cap122,P2,SPEA2,5,187500.000,787663.775
Large,cap122,P2,SPEA2,5,325000.000,710519.700
Large,cap122,P2,SPEA2,5,150000.000,819528.525
Large,cap122,P2,SPEA2,5,162500.000,807389.125
Large,cap122,P2,SPEA2,5,112500.000,872344.463
Large,cap122,P2,SPEA2,5,287500.000,732803.775
Large,cap122,P2,SPEA2,5,362500.000,704979.900
Large,cap122,P2,SPEA2,5,50000.000,1333699.425
Large,cap122,P2,NSGA-II,6,362500.000,693223.725
Large,cap122,P2,NSGA-II,6,50000.000,1346705.875
Large,cap122,P2,NSGA-II,6,75000.000,1168420.913
Large,cap122,P2,NSGA-II,6,87500.000,963791.137
Large,cap122,P2,NSGA-II,6,62500.000,1239860.850
Large,cap122,P2,NSGA-II,6,100000.000,920705.875
Large,cap122,P2,NSGA-II,6,250000.000,736074.688
Large,cap122,P2,NSGA-II,6,237500.000,767323.012
Large,cap122,P2,NSGA-II,6,125000.000,856819.075
Large,cap122,P2,NSGA-II,6,112500.000,915478.238
Large,cap122,P2,NSGA-II,6,200000.000,792646.287
Large,cap122,P2,NSGA-II,6,162500.000,826955.075
Large,cap122,P2,NSGA-II,6,187500.000,793890.650
Large,cap122,P2,NSGA-II,6,175000.000,823333.613
Large,cap122,P2,NSGA-II,6,312500.000,696811.225
Large,cap122,P2,NSGA-II,6,337500.000,694199.425
Large,cap122,P2,NSGA-II,6,150000.000,828955.850
Large,cap122,P2,NSGA-II,6,137500.000,852143.200
Large,cap122,P2,NSGA-II,6,275000.000,712338.100
Large,cap122,P2,NSGA-II,6,262500.000,727773.312
Large,cap122,P2,NSGA-II,6,225000.000,772103.512
Large,cap122,P2,NSGA-II,6,212500.000,782610.537
Large,cap122,P2,NSGA-II,6,287500.000,704036.725
Large,cap122,P2,NSGA-II,6,300000.000,698284.887
Large,cap122,P2,NSGA-II,6,350000.000,694108.725
Large,cap122,P2,SPEA2,6,300000.000,702046.262
Large,cap122,P2,SPEA2,6,137500.000,849728.387
Large,cap122,P2,SPEA2,6,200000.000,792223.400
Large,cap122,P2,SPEA2,6,325000.000,688811.950
Large,cap122,P2,SPEA2,6,150000.000,842179.637
Large,cap122,P2,SPEA2,6,362500.000,679585.000
Large,cap122,P2,SPEA2,6,175000.000,814868.838
Large,cap122,P2,SPEA2,6,237500.000,771655.875
Large,cap122,P2,SPEA2,6,87500.000,926449.312
Large,cap122,P2,SPEA2,6,212500.000,775019.175
Large,cap122,P2,SPEA2,6,125000.000,874686.975
Large,cap122,P2,SPEA2,6,312500.000,698604.412
Large,cap122,P2,SPEA2,6,287500.000,713179.875
Large,cap122,P2,SPEA2,6,275000.000,716621.725
Large,cap122,P2,SPEA2,6,50000.000,1360740.125
Large,cap122,P2,SPEA2,6,262500.000,746929.550
Large,cap122,P2,SPEA2,6,337500.000,687043.613
Large,cap122,P2,SPEA2,6,350000.000,684203.238
Large,cap122,P2,SPEA2,6,250000.000,759840.312
Large,cap122,P2,SPEA2,6,187500.000,802412.650
Large,cap122,P2,SPEA2,6,100000.000,902442.812
Large,cap122,P2,SPEA2,6,75000.000,1149485.875
Large,cap122,P2,SPEA2,6,112500.000,897535.375
Large,cap122,P2,SPEA2,6,62500.000,1245070.988
Large,cap122,P2,SPEA2,6,162500.000,837272.200
Large,cap122,P2,NSGA-II,7,387500.000,692507.088
Large,cap122,P2,NSGA-II,7,50000.000,1221383.188
Large,cap122,P2,NSGA-II,7,62500.000,1097331.988
Large,cap122,P2,NSGA-II,7,75000.000,1014863.188
Large,cap122,P2,NSGA-II,7,100000.000,946597.775
Large,cap122,P2,NSGA-II,7,150000.000,843751.075
Large,cap122,P2,NSGA-II,7,137500.000,913077.912
Large,cap122,P2,NSGA-II,7,87500.000,993560.375
Large,cap122,P2,NSGA-II,7,175000.000,814848.250
Large,cap122,P2,NSGA-II,7,212500.000,774442.225
Large,cap122,P2,NSGA-II,7,312500.000,709500.912
Large,cap122,P2,NSGA-II,7,362500.000,694956.713
Large,cap122,P2,NSGA-II,7,162500.000,825452.025
Large,cap122,P2,NSGA-II,7,200000.000,783428.912
Large,cap122,P2,NSGA-II,7,187500.000,800323.050
Large,cap122,P2,NSGA-II,7,300000.000,724194.213
Large,cap122,P2,NSGA-II,7,125000.000,926013.387
Large,cap122,P2,NSGA-II,7,112500.000,940306.713
Large,cap122,P2,NSGA-II,7,225000.000,763176.175
Large,cap122,P2,NSGA-II,7,262500.000,740801.113
Large,cap122,P2,NSGA-II,7,250000.000,750908.950
Large,cap122,P2,NSGA-II,7,350000.000,697785.363
Large,cap122,P2,NSGA-II,7,337500.000,707315.975
Large,cap122,P2,NSGA-II,7,275000.000,732564.050
Large,cap122,P2,NSGA-II,7,237500.000,755957.338
Large,cap122,P2,NSGA-II,7,287500.000,726564.588
Large,cap122,P2,NSGA-II,7,325000.000,709231.213
Large,cap122,P2,SPEA2,7,62500.000,1032180.975
Large,cap122,P2,SPEA2,7,212500.000,748515.100
Large,cap122,P2,SPEA2,7,187500.000,762486.812
Large,cap122,P2,SPEA2,7,137500.000,812580.225
Large,cap122,P2,SPEA2,7,262500.000,716105.188
Large,cap122,P2,SPEA2,7,275000.000,711068.562
Large,cap122,P2,SPEA2,7,87500.000,898404.175
Large,cap122,P2,SPEA2,7,162500.000,780815.950
Large,cap122,P2,SPEA2,7,300000.000,701483.075
Large,cap122,P2,SPEA2,7,312500.000,699618.275
Large,cap122,P2,SPEA2,7,337500.000,695867.175
Large,cap122,P2,SPEA2,7,112500.000,833761.338
Large,cap122,P2,SPEA2,7,75000.000,939595.825
Large,cap122,P2,SPEA2,7,100000.000,866839.075
Large,cap122,P2,SPEA2,7,287500.000,704065.775
Large,cap122,P2,SPEA2,7,200000.000,753991.137
Large,cap122,P2,SPEA2,7,325000.000,696348.012
Large,cap122,P2,SPEA2,7,250000.000,728250.625
Large,cap122,P2,SPEA2,7,237500.000,734537.213
Large,cap122,P2,SPEA2,7,150000.000,796384.162
Large,cap122,P2,SPEA2,7,125000.000,813092.463
Large,cap122,P2,SPEA2,7,175000.000,771385.650
Large,cap122,P2,SPEA2,7,225000.000,742228.512
Large,cap122,P2,SPEA2,7,50000.000,1157041.950
Large,cap122,P2,NSGA-II,8,350000.000,705245.175
Large,cap122,P2,NSGA-II,8,50000.000,1256551.137
Large,cap122,P2,NSGA-II,8,100000.000,955671.575
Large,cap122,P2,NSGA-II,8,75000.000,1073623.075
Large,cap122,P2,NSGA-II,8,62500.000,1186427.225
Large,cap122,P2,NSGA-II,8,112500.000,895215.213
Large,cap122,P2,NSGA-II,8,137500.000,848145.287
Large,cap122,P2,NSGA-II,8,87500.000,1006439.062
Large,cap122,P2,NSGA-II,8,175000.000,806104.863
Large,cap122,P2,NSGA-II,8,187500.000,791890.350
Large,cap122,P2,NSGA-II,8,212500.000,770906.875
Large,cap122,P2,NSGA-II,8,237500.000,753349.338
Large,cap122,P2,NSGA-II,8,312500.000,713617.575
Large,cap122,P2,NSGA-II,8,125000.000,875458.075
Large,cap122,P2,NSGA-II,8,150000.000,828531.713
Large,cap122,P2,NSGA-II,8,162500.000,822750.700
Large,cap122,P2,NSGA-II,8,200000.000,783452.625
Large,cap122,P2,NSGA-II,8,287500.000,725797.162
Large,cap122,P2,NSGA-II,8,275000.000,737220.262
Large,cap122,P2,NSGA-II,8,300000.000,715647.075
Large,cap122,P2,NSGA-II,8,250000.000,745384.200
Large,cap122,P2,NSGA-II,8,262500.000,742201.762
Large,cap122,P2,NSGA-II,8,325000.000,710175.825
Large,cap122,P2,NSGA-II,8,337500.000,707331.375
Large,cap122,P2,SPEA2,8,187500.000,811163.312
Large,cap122,P2,SPEA2,8,225000.000,742795.350
Large,cap122,P2,SPEA2,8,212500.000,780269.450
Large,cap122,P2,SPEA2,8,112500.000,950416.925
Large,cap122,P2,SPEA2,8,250000.000,719101.113
Large,cap122,P2,SPEA2,8,150000.000,877963.463
Large,cap122,P2,SPEA2,8,275000.000,707583.938
Large,cap122,P2,SPEA2,8,162500.000,828449.562
Large,cap122,P2,SPEA2,8,137500.000,896182.925
Large,cap122,P2,SPEA2,8,75000.000,1070055.050
Large,cap122,P2,SPEA2,8,262500.000,717782.600
Large,cap122,P2,SPEA2,8,100000.000,981380.887
Large,cap122,P2,SPEA2,8,87500.000,997664.675
Large,cap122,P2,SPEA2,8,62500.000,1125391.337
Large,cap122,P2,SPEA2,8,237500.000,726265.050
Large,cap122,P2,SPEA2,8,50000.000,1249442.538
Large,cap122,P2,SPEA2,8,200000.000,785496.925
Large,cap122,P2,SPEA2,8,312500.000,701766.787
Large,cap122,P2,SPEA2,8,125000.000,935409.238
Large,cap122,P2,SPEA2,8,300000.000,702432.787
Large,cap122,P2,NSGA-II,9,337500.000,707133.450
Large,cap122,P2,NSGA-II,9,325000.000,707292.537
Large,cap122,P2,NSGA-II,9,312500.000,708865.438
Large,cap122,P2,NSGA-II,9,300000.000,708899.950
Large,cap122,P2,NSGA-II,9,287500.000,713559.963
Large,cap122,P2,NSGA-II,9,275000.000,714118.900
Large,cap122,P2,NSGA-II,9,262500.000,714277.988
Large,cap122,P2,NSGA-II,9,250000.000,722779.613
Large,cap122,P2,NSGA-II,9,237500.000,733672.950
Large,cap122,P2,NSGA-II,9,225000.000,735862.425
Large,cap122,P2,NSGA-II,9,212500.000,747119.925
Large,cap122,P2,NSGA-II,9,200000.000,773150.287
Large,cap122,P2,NSGA-II,9,187500.000,785948.488
Large,cap122,P2,NSGA-II,9,175000.000,791030.713
Large,cap122,P2,NSGA-II,9,162500.000,801220.550
Large,cap122,P2,NSGA-II,9,150000.000,813745.738
Large,cap122,P2,NSGA-II,9,137500.000,833366.625
Large,cap122,P2,NSGA-II,9,125000.000,862594.600
Large,cap122,P2,NSGA-II,9,112500.000,882167.162
Large,cap122,P2,NSGA-II,9,100000.000,908584.162
Large,cap122,P2,NSGA-II,9,87500.000,937812.137
Large,cap122,P2,NSGA-II,9,75000.000,1082919.800
Large,cap122,P2,NSGA-II,9,62500.000,1151114.938
Large,cap122,P2,NSGA-II,9,50000.000,1173494.012
Large,cap122,P2,SPEA2,9,112500.000,906396.562
Large,cap122,P2,SPEA2,9,325000.000,702269.725
Large,cap122,P2,SPEA2,9,75000.000,1114290.675
Large,cap122,P2,SPEA2,9,162500.000,808096.287
Large,cap122,P2,SPEA2,9,87500.000,946474.750
Large,cap122,P2,SPEA2,9,275000.000,713695.100
Large,cap122,P2,SPEA2,9,212500.000,752576.150
Large,cap122,P2,SPEA2,9,175000.000,784293.200
Large,cap122,P2,SPEA2,9,125000.000,864953.412
Large,cap122,P2,SPEA2,9,237500.000,734415.637
Large,cap122,P2,SPEA2,9,137500.000,856046.037
Large,cap122,P2,SPEA2,9,200000.000,765703.325
Large,cap122,P2,SPEA2,9,287500.000,709976.400
Large,cap122,P2,SPEA2,9,337500.000,701920.338
Large,cap122,P2,SPEA2,9,250000.000,717564.037
Large,cap122,P2,SPEA2,9,150000.000,831086.738
Large,cap122,P2,SPEA2,9,100000.000,919457.625
Large,cap122,P2,SPEA2,9,62500.000,1126468.688
Large,cap122,P2,SPEA2,9,300000.000,706871.875
Large,cap122,P2,SPEA2,9,50000.000,1174820.288
Large,cap122,P2,SPEA2,9,225000.000,737674.838
Large,cap122,P2,SPEA2,9,312500.000,704772.775
Large,cap122,P2,NSGA-II,10,312500.000,703666.550
Large,cap122,P2,NSGA-II,10,300000.000,705531.475
Large,cap122,P2,NSGA-II,10,287500.000,708937.500
Large,cap122,P2,NSGA-II,10,275000.000,714055.475
Large,cap122,P2,NSGA-II,10,262500.000,718105.075
Large,cap122,P2,NSGA-II,10,250000.000,721826.050
Large,cap122,P2,NSGA-II,10,237500.000,726432.950
Large,cap122,P2,NSGA-II,10,225000.000,732099.762
Large,cap122,P2,NSGA-II,10,212500.000,736309.675
Large,cap122,P2,NSGA-II,10,200000.000,748814.637
Large,cap122,P2,NSGA-II,10,175000.000,763643.287
Large,cap122,P2,NSGA-II,10,162500.000,780922.550
Large,cap122,P2,NSGA-II,10,150000.000,795273.812
Large,cap122,P2,NSGA-II,10,137500.000,807855.400
Large,cap122,P2,NSGA-II,10,125000.000,817696.225
Large,cap122,P2,NSGA-II,10,112500.000,830334.725
Large,cap122,P2,NSGA-II,10,100000.000,859089.338
Large,cap122,P2,NSGA-II,10,87500.000,885993.438
Large,cap122,P2,NSGA-II,10,75000.000,907381.375
Large,cap122,P2,NSGA-II,10,62500.000,993696.037
Large,cap122,P2,NSGA-II,10,50000.000,1147426.788
Large,cap122,P2,SPEA2,10,100000.000,845418.512
Large,cap122,P2,SPEA2,10,250000.000,725124.338
Large,cap122,P2,SPEA2,10,237500.000,735171.488
Large,cap122,P2,SPEA2,10,200000.000,756072.650
Large,cap122,P2,SPEA2,10,325000.000,701428.075
Large,cap122,P2,SPEA2,10,350000.000,696109.662
Large,cap122,P2,SPEA2,10,162500.000,770335.362
Large,cap122,P2,SPEA2,10,150000.000,785863.500
Large,cap122,P2,SPEA2,10,225000.000,743152.588
Large,cap122,P2,SPEA2,10,212500.000,748783.100
Large,cap122,P2,SPEA2,10,175000.000,767429.938
Large,cap122,P2,SPEA2,10,112500.000,824115.700
Large,cap122,P2,SPEA2,10,275000.000,715672.512
Large,cap122,P2,SPEA2,10,125000.000,814407.162
Large,cap122,P2,SPEA2,10,300000.000,706427.975
Large,cap122,P2,SPEA2,10,137500.000,795910.650
Large,cap122,P2,SPEA2,10,312500.000,705121.312
Large,cap122,P2,SPEA2,10,187500.000,758978.075
Large,cap122,P2,SPEA2,10,75000.000,945519.100
Large,cap122,P2,SPEA2,10,87500.000,872518.525
Large,cap122,P2,SPEA2,10,337500.000,697577.037
Large,cap122,P2,SPEA2,10,50000.000,1197310.087
Large,cap122,P2,SPEA2,10,62500.000,1061669.175
Large,cap122,P3,NSGA-II,1,337500.000,683250.000
Large,cap122,P3,NSGA-II,1,325000.000,684454.350
Large,cap122,P3,NSGA-II,1,312500.000,687486.613
Large,cap122,P3,NSGA-II,1,300000.000,694676.300
Large,cap122,P3,NSGA-II,1,287500.000,701404.625
Large,cap122,P3,NSGA-II,1,275000.000,710148.350
Large,cap122,P3,NSGA-II,1,262500.000,713263.713
Large,cap122,P3,NSGA-II,1,250000.000,737075.637
Large,cap122,P3,NSGA-II,1,225000.000,740146.925
Large,cap122,P3,NSGA-II,1,212500.000,751720.175
Large,cap122,P3,NSGA-II,1,200000.000,774714.713
Large,cap122,P3,NSGA-II,1,187500.000,784710.450
Large,cap122,P3,NSGA-II,1,175000.000,796191.325
Large,cap122,P3,NSGA-II,1,162500.000,810584.400
Large,cap122,P3,NSGA-II,1,150000.000,811814.200
Large,cap122,P3,NSGA-II,1,137500.000,840313.450
Large,cap122,P3,NSGA-II,1,125000.000,849896.863
Large,cap122,P3,NSGA-II,1,112500.000,875427.725
Large,cap122,P3,NSGA-II,1,100000.000,921915.588
Large,cap122,P3,NSGA-II,1,75000.000,1006488.812
Large,cap122,P3,NSGA-II,1,62500.000,1080544.500
Large,cap122,P3,NSGA-II,1,50000.000,1257509.875
Large,cap122,P3,SPEA2,1,200000.000,763460.838
Large,cap122,P3,SPEA2,1,287500.000,702564.825
Large,cap122,P3,SPEA2,1,100000.000,926000.787
Large,cap122,P3,SPEA2,1,262500.000,717500.938
Large,cap122,P3,SPEA2,1,212500.000,753221.262
Large,cap122,P3,SPEA2,1,237500.000,733126.925
Large,cap122,P3,SPEA2,1,250000.000,732826.213
Large,cap122,P3,SPEA2,1,325000.000,692094.363
Large,cap122,P3,SPEA2,1,175000.000,774529.350
Large,cap122,P3,SPEA2,1,275000.000,709181.750
Large,cap122,P3,SPEA2,1,150000.000,796981.125
Large,cap122,P3,SPEA2,1,300000.000,700836.963
Large,cap122,P3,SPEA2,1,137500.000,807507.537
Large,cap122,P3,SPEA2,1,112500.000,914218.088
Large,cap122,P3,SPEA2,1,162500.000,787459.675
Large,cap122,P3,SPEA2,1,75000.000,1109230.988
Large,cap122,P3,SPEA2,1,125000.000,824974.062
Large,cap122,P3,SPEA2,1,62500.000,1192880.738
Large,cap122,P3,SPEA2,1,225000.000,749647.488
Large,cap122,P3,SPEA2,1,87500.000,994915.100
Large,cap122,P3,SPEA2,1,50000.000,1261799.238
Large,cap122,P3,NSGA-II,2,400000.000,670637.838
Large,cap122,P3,NSGA-II,2,387500.000,672354.963
Large,cap122,P3,NSGA-II,2,375000.000,677268.963
Large,cap122,P3,NSGA-II,2,362500.000,679657.150
Large,cap122,P3,NSGA-II,2,350000.000,680052.650
Large,cap122,P3,NSGA-II,2,337500.000,683733.113
Large,cap122,P3,NSGA-II,2,325000.000,688047.062
Large,cap122,P3,NSGA-II,2,300000.000,695605.938
Large,cap122,P3,NSGA-II,2,287500.000,701015.312
Large,cap122,P3,NSGA-II,2,275000.000,703631.738
Large,cap122,P3,NSGA-II,2,250000.000,709879.488
Large,cap122,P3,NSGA-II,2,237500.000,718827.887
Large,cap122,P3,NSGA-II,2,212500.000,734797.412
Large,cap122,P3,NSGA-II,2,200000.000,786123.863
Large,cap122,P3,NSGA-II,2,175000.000,787274.012
Large,cap122,P3,NSGA-II,2,162500.000,797072.000
Large,cap122,P3,NSGA-II,2,150000.000,820933.625
Large,cap122,P3,NSGA-II,2,137500.000,835026.963
Large,cap122,P3,NSGA-II,2,125000.000,862201.113
Large,cap122,P3,NSGA-II,2,112500.000,884134.900
Large,cap122,P3,NSGA-II,2,100000.000,964254.588
Large,cap122,P3,NSGA-II,2,87500.000,993762.412
Large,cap122,P3,NSGA-II,2,75000.000,1022261.662
Large,cap122,P3,NSGA-II,2,62500.000,1101939.562
Large,cap122,P3,NSGA-II,2,50000.000,1230314.650
Large,cap122,P3,SPEA2,2,187500.000,777134.988
Large,cap122,P3,SPEA2,2,225000.000,763347.588
Large,cap122,P3,SPEA2,2,200000.000,764812.600
Large,cap122,P3,SPEA2,2,337500.000,701168.463
Large,cap122,P3,SPEA2,2,287500.000,725903.887
Large,cap122,P3,SPEA2,2,50000.000,1243685.988
Large,cap122,P3,SPEA2,2,150000.000,815668.400
Large,cap122,P3,SPEA2,2,137500.000,834312.925
Large,cap122,P3,SPEA2,2,75000.000,1147021.363
Large,cap122,P3,SPEA2,2,100000.000,945493.812
Large,cap122,P3,SPEA2,2,175000.000,794788.100
Large,cap122,P3,SPEA2,2,237500.000,757752.713
Large,cap122,P3,SPEA2,2,300000.000,717541.162
Large,cap122,P3,SPEA2,2,62500.000,1173739.175
Large,cap122,P3,SPEA2,2,350000.000,699167.688
Large,cap122,P3,SPEA2,2,325000.000,706093.062
Large,cap122,P3,SPEA2,2,125000.000,867815.725
Large,cap122,P3,SPEA2,2,112500.000,902764.713
Large,cap122,P3,SPEA2,2,250000.000,744475.150
Large,cap122,P3,SPEA2,2,162500.000,810895.050
Large,cap122,P3,SPEA2,2,275000.000,727904.662
Large,cap122,P3,SPEA2,2,87500.000,1102768.012
Large,cap122,P3,SPEA2,2,262500.000,739237.525
Large,cap122,P3,SPEA2,2,312500.000,713542.275
Large,cap122,P3,SPEA2,2,400000.000,695925.900
Large,cap122,P3,SPEA2,2,362500.000,696557.938
Large,cap122,P3,NSGA-II,3,337500.000,695008.925
Large,cap122,P3,NSGA-II,3,325000.000,700880.463
Large,cap122,P3,NSGA-II,3,312500.000,706008.338
Large,cap122,P3,NSGA-II,3,300000.000,706853.312
Large,cap122,P3,NSGA-II,3,287500.000,720397.250
Large,cap122,P3,NSGA-II,3,275000.000,727447.500
Large,cap122,P3,NSGA-II,3,262500.000,737929.400
Large,cap122,P3,NSGA-II,3,250000.000,752484.575
Large,cap122,P3,NSGA-II,3,237500.000,766997.925
Large,cap122,P3,NSGA-II,3,225000.000,787031.887
Large,cap122,P3,NSGA-II,3,212500.000,791260.175
Large,cap122,P3,NSGA-II,3,200000.000,797508.137
Large,cap122,P3,NSGA-II,3,187500.000,798174.137
Large,cap122,P3,NSGA-II,3,162500.000,810919.887
Large,cap122,P3,NSGA-II,3,150000.000,827622.662
Large,cap122,P3,NSGA-II,3,137500.000,859369.938
Large,cap122,P3,NSGA-II,3,125000.000,862350.675
Large,cap122,P3,NSGA-II,3,112500.000,883673.637
Large,cap122,P3,NSGA-II,3,100000.000,899123.825
Large,cap122,P3,NSGA-II,3,87500.000,952936.012
Large,cap122,P3,NSGA-II,3,75000.000,1011377.000
Large,cap122,P3,NSGA-II,3,62500.000,1147270.538
Large,cap122,P3,NSGA-II,3,50000.000,1201447.450
Large,cap122,P3,SPEA2,3,162500.000,758655.812
Large,cap122,P3,SPEA2,3,187500.000,750102.150
Large,cap122,P3,SPEA2,3,137500.000,802595.325
Large,cap122,P3,SPEA2,3,100000.000,895539.100
Large,cap122,P3,SPEA2,3,62500.000,1041250.588
Large,cap122,P3,SPEA2,3,225000.000,729348.975
Large,cap122,P3,SPEA2,3,200000.000,737804.400
Large,cap122,P3,SPEA2,3,275000.000,701829.738
Large,cap122,P3,SPEA2,3,87500.000,914667.713
Large,cap122,P3,SPEA2,3,75000.000,939861.000
Large,cap122,P3,SPEA2,3,312500.000,688738.450
Large,cap122,P3,SPEA2,3,125000.000,838991.125
Large,cap122,P3,SPEA2,3,387500.000,680772.950
Large,cap122,P3,SPEA2,3,212500.000,736828.062
Large,cap122,P3,SPEA2,3,400000.000,675168.450
Large,cap122,P3,SPEA2,3,300000.000,697211.425
Large,cap122,P3,SPEA2,3,112500.000,859561.600
Large,cap122,P3,SPEA2,3,250000.000,710383.400
Large,cap122,P3,SPEA2,3,50000.000,1152008.762
Large,cap122,P3,SPEA2,3,350000.000,686230.062
Large,cap122,P3,NSGA-II,4,400000.000,684988.100
Large,cap122,P3,NSGA-II,4,387500.000,685291.150
Large,cap122,P3,NSGA-II,4,375000.000,686619.400
Large,cap122,P3,NSGA-II,4,362500.000,689474.050
Large,cap122,P3,NSGA-II,4,350000.000,690792.988
Large,cap122,P3,NSGA-II,4,337500.000,691591.838
Large,cap122,P3,NSGA-II,4,325000.000,694432.213
Large,cap122,P3,NSGA-II,4,312500.000,697483.400
Large,cap122,P3,NSGA-II,4,300000.000,699764.550
Large,cap122,P3,NSGA-II,4,287500.000,704011.700
Large,cap122,P3,NSGA-II,4,275000.000,720603.375
Large,cap122,P3,NSGA-II,4,262500.000,725918.050
Large,cap122,P3,NSGA-II,4,250000.000,738728.600
Large,cap122,P3,NSGA-II,4,237500.000,747448.537
Large,cap122,P3,NSGA-II,4,225000.000,753272.225
Large,cap122,P3,NSGA-II,4,212500.000,770647.062
Large,cap122,P3,NSGA-II,4,200000.000,779287.287
Large,cap122,P3,NSGA-II,4,187500.000,785869.175
Large,cap122,P3,NSGA-II,4,175000.000,793299.425
Large,cap122,P3,NSGA-II,4,162500.000,817414.850
Large,cap122,P3,NSGA-II,4,150000.000,828624.525
Large,cap122,P3,NSGA-II,4,137500.000,864050.812
Large,cap122,P3,NSGA-II,4,125000.000,886767.775
Large,cap122,P3,NSGA-II,4,112500.000,917608.475
Large,cap122,P3,NSGA-II,4,100000.000,955308.975
Large,cap122,P3,NSGA-II,4,87500.000,962820.725
Large,cap122,P3,NSGA-II,4,75000.000,1012952.800
Large,cap122,P3,NSGA-II,4,62500.000,1095549.250
Large,cap122,P3,NSGA-II,4,50000.000,1219472.800
Large,cap122,P3,SPEA2,4,300000.000,714195.325
Large,cap122,P3,SPEA2,4,112500.000,923323.700
Large,cap122,P3,SPEA2,4,87500.000,1001323.550
Large,cap122,P3,SPEA2,4,325000.000,706321.150
Large,cap122,P3,SPEA2,4,312500.000,710389.200
Large,cap122,P3,SPEA2,4,125000.000,884483.387
Large,cap122,P3,SPEA2,4,162500.000,842850.637
Large,cap122,P3,SPEA2,4,200000.000,802080.588
Large,cap122,P3,SPEA2,4,237500.000,756097.838
Large,cap122,P3,SPEA2,4,250000.000,738412.975
Large,cap122,P3,SPEA2,4,75000.000,1035514.350
Large,cap122,P3,SPEA2,4,225000.000,759966.250
Large,cap122,P3,SPEA2,4,62500.000,1088359.350
Large,cap122,P3,SPEA2,4,187500.000,809391.400
Large,cap122,P3,SPEA2,4,287500.000,715055.800
Large,cap122,P3,SPEA2,4,275000.000,718924.213
Large,cap122,P3,SPEA2,4,262500.000,735706.250
Large,cap122,P3,SPEA2,4,100000.000,971411.150
Large,cap122,P3,SPEA2,4,212500.000,794849.037
Large,cap122,P3,SPEA2,4,175000.000,840269.887
Large,cap122,P3,SPEA2,4,150000.000,867479.325
Large,cap122,P3,SPEA2,4,137500.000,873978.075
Large,cap122,P3,SPEA2,4,50000.000,1213530.050
Large,cap122,P3,NSGA-II,5,350000.000,691806.925
Large,cap122,P3,NSGA-II,5,50000.000,1325097.575
Large,cap122,P3,NSGA-II,5,62500.000,1024085.488
Large,cap122,P3,NSGA-II,5,100000.000,877613.600
Large,cap122,P3,NSGA-II,5,75000.000,956043.125
Large,cap122,P3,NSGA-II,5,175000.000,800360.262
Large,cap122,P3,NSGA-II,5,87500.000,902233.238
Large,cap122,P3,NSGA-II,5,237500.000,761386.338
Large,cap122,P3,NSGA-II,5,187500.000,788220.863
Large,cap122,P3,NSGA-II,5,137500.000,842624.463
Large,cap122,P3,NSGA-II,5,150000.000,830832.375
Large,cap122,P3,NSGA-II,5,225000.000,766330.588
Large,cap122,P3,NSGA-II,5,200000.000,775804.963
Large,cap122,P3,NSGA-II,5,125000.000,855305.438
Large,cap122,P3,NSGA-II,5,250000.000,739145.275
Large,cap122,P3,NSGA-II,5,162500.000,819208.213
Large,cap122,P3,NSGA-II,5,287500.000,710395.700
Large,cap122,P3,NSGA-II,5,275000.000,720630.825
Large,cap122,P3,NSGA-II,5,262500.000,730308.075
Large,cap122,P3,NSGA-II,5,212500.000,774941.762
Large,cap122,P3,NSGA-II,5,300000.000,703204.125
Large,cap122,P3,NSGA-II,5,312500.000,698393.650
Large,cap122,P3,NSGA-II,5,325000.000,695569.300
Large,cap122,P3,NSGA-II,5,337500.000,693141.700
Large,cap122,P3,SPEA2,5,237500.000,734022.713
Large,cap122,P3,SPEA2,5,212500.000,766785.438
Large,cap122,P3,SPEA2,5,362500.000,689875.188
Large,cap122,P3,SPEA2,5,50000.000,1333699.425
Large,cap122,P3,SPEA2,5,225000.000,746472.175
Large,cap122,P3,SPEA2,5,137500.000,841043.637
Large,cap122,P3,SPEA2,5,262500.000,727915.175
Large,cap122,P3,SPEA2,5,375000.000,687028.037
Large,cap122,P3,SPEA2,5,175000.000,798634.637
Large,cap122,P3,SPEA2,5,200000.000,780492.762
Large,cap122,P3,SPEA2,5,87500.000,961400.188
Large,cap122,P3,SPEA2,5,150000.000,821358.200
Large,cap122,P3,SPEA2,5,300000.000,706482.012
Large,cap122,P3,SPEA2,5,250000.000,729961.637
Large,cap122,P3,SPEA2,5,112500.000,877281.463
Large,cap122,P3,SPEA2,5,125000.000,866890.363
Large,cap122,P3,SPEA2,5,325000.000,699697.137
Large,cap122,P3,SPEA2,5,337500.000,693297.300
Large,cap122,P3,SPEA2,5,275000.000,718402.162
Large,cap122,P3,SPEA2,5,312500.000,702838.688
Large,cap122,P3,SPEA2,5,100000.000,891979.512
Large,cap122,P3,SPEA2,5,350000.000,690450.150
Large,cap122,P3,SPEA2,5,287500.000,715428.887
Large,cap122,P3,SPEA2,5,162500.000,812672.512
Large,cap122,P3,SPEA2,5,75000.000,1037096.350
Large,cap122,P3,SPEA2,5,62500.000,1111608.413
Large,cap122,P3,NSGA-II,6,350000.000,718997.775
Large,cap122,P3,NSGA-II,6,337500.000,720055.975
Large,cap122,P3,NSGA-II,6,325000.000,720446.425
Large,cap122,P3,NSGA-II,6,312500.000,726763.325
Large,cap122,P3,NSGA-II,6,300000.000,727954.363
Large,cap122,P3,NSGA-II,6,287500.000,734941.037
Large,cap122,P3,NSGA-II,6,275000.000,741925.113
Large,cap122,P3,NSGA-II,6,262500.000,753099.500
Large,cap122,P3,NSGA-II,6,250000.000,755414.150
Large,cap122,P3,NSGA-II,6,237500.000,760207.262
Large,cap122,P3,NSGA-II,6,225000.000,768164.637
Large,cap122,P3,NSGA-II,6,212500.000,778898.600
Large,cap122,P3,NSGA-II,6,200000.000,801101.487
Large,cap122,P3,NSGA-II,6,187500.000,804103.525
Large,cap122,P3,NSGA-II,6,175000.000,814352.875
Large,cap122,P3,NSGA-II,6,162500.000,871286.963
Large,cap122,P3,NSGA-II,6,150000.000,883347.838
Large,cap122,P3,NSGA-II,6,125000.000,935004.275
Large,cap122,P3,NSGA-II,6,112500.000,957806.213
Large,cap122,P3,NSGA-II,6,100000.000,974426.350
Large,cap122,P3,NSGA-II,6,87500.000,997003.450
Large,cap122,P3,NSGA-II,6,75000.000,1077843.450
Large,cap122,P3,NSGA-II,6,62500.000,1222706.962
Large,cap122,P3,NSGA-II,6,50000.000,1362555.387
Large,cap122,P3,SPEA2,6,112500.000,926874.600
Large,cap122,P3,SPEA2,6,212500.000,798779.000
Large,cap122,P3,SPEA2,6,75000.000,1022406.900
Large,cap122,P3,SPEA2,6,200000.000,815910.350
Large,cap122,P3,SPEA2,6,237500.000,760785.925
Large,cap122,P3,SPEA2,6,125000.000,909383.125
Large,cap122,P3,SPEA2,6,175000.000,838794.412
Large,cap122,P3,SPEA2,6,137500.000,895636.037
Large,cap122,P3,SPEA2,6,250000.000,755256.775
Large,cap122,P3,SPEA2,6,262500.000,754945.975
Large,cap122,P3,SPEA2,6,162500.000,863440.588
Large,cap122,P3,SPEA2,6,312500.000,733447.162
Large,cap122,P3,SPEA2,6,287500.000,735223.912
Large,cap122,P3,SPEA2,6,100000.000,952269.312
Large,cap122,P3,SPEA2,6,275000.000,748358.950
Large,cap122,P3,SPEA2,6,87500.000,1012445.463
Large,cap122,P3,SPEA2,6,150000.000,884157.025
Large,cap122,P3,SPEA2,6,325000.000,733136.363
Large,cap122,P3,SPEA2,6,225000.000,798636.600
Large,cap122,P3,SPEA2,6,62500.000,1118895.712
Large,cap122,P3,SPEA2,6,300000.000,734164.725
Large,cap122,P3,SPEA2,6,50000.000,1363213.812
Large,cap122,P3,NSGA-II,7,412500.000,683905.700
Large,cap122,P3,NSGA-II,7,375000.000,687167.875
Large,cap122,P3,NSGA-II,7,362500.000,698016.750
Large,cap122,P3,NSGA-II,7,350000.000,698352.800
Large,cap122,P3,NSGA-II,7,337500.000,698997.275
Large,cap122,P3,NSGA-II,7,325000.000,705367.938
Large,cap122,P3,NSGA-II,7,300000.000,721568.825
Large,cap122,P3,NSGA-II,7,275000.000,725519.675
Large,cap122,P3,NSGA-II,7,262500.000,739293.275
Large,cap122,P3,NSGA-II,7,237500.000,743622.887
Large,cap122,P3,NSGA-II,7,225000.000,753445.575
Large,cap122,P3,NSGA-II,7,212500.000,770423.975
Large,cap122,P3,NSGA-II,7,200000.000,794156.613
Large,cap122,P3,NSGA-II,7,187500.000,800527.275
Large,cap122,P3,NSGA-II,7,175000.000,806061.575
Large,cap122,P3,NSGA-II,7,162500.000,819074.912
Large,cap122,P3,NSGA-II,7,150000.000,824155.938
Large,cap122,P3,NSGA-II,7,137500.000,854117.713
Large,cap122,P3,NSGA-II,7,125000.000,918672.575
Large,cap122,P3,NSGA-II,7,112500.000,927559.950
Large,cap122,P3,NSGA-II,7,100000.000,946444.963
Large,cap122,P3,NSGA-II,7,87500.000,963508.250
Large,cap122,P3,NSGA-II,7,75000.000,1018565.237
Large,cap122,P3,NSGA-II,7,62500.000,1046590.375
Large,cap122,P3,NSGA-II,7,50000.000,1169951.975
Large,cap122,P3,SPEA2,7,62500.000,1141895.762
Large,cap122,P3,SPEA2,7,75000.000,993873.425
Large,cap122,P3,SPEA2,7,200000.000,787163.375
Large,cap122,P3,SPEA2,7,150000.000,832427.600
Large,cap122,P3,SPEA2,7,125000.000,891148.412
Large,cap122,P3,SPEA2,7,375000.000,683508.725
Large,cap122,P3,SPEA2,7,162500.000,825970.537
Large,cap122,P3,SPEA2,7,175000.000,805219.075
Large,cap122,P3,SPEA2,7,100000.000,934911.750
Large,cap122,P3,SPEA2,7,137500.000,847403.875
Large,cap122,P3,SPEA2,7,275000.000,719341.562
Large,cap122,P3,SPEA2,7,225000.000,770252.363
Large,cap122,P3,SPEA2,7,262500.000,724107.550
Large,cap122,P3,SPEA2,7,337500.000,685925.512
Large,cap122,P3,SPEA2,7,87500.000,940768.963
Large,cap122,P3,SPEA2,7,237500.000,754646.912
Large,cap122,P3,SPEA2,7,212500.000,777467.412
Large,cap122,P3,SPEA2,7,112500.000,918893.713
Large,cap122,P3,SPEA2,7,187500.000,788801.675
Large,cap122,P3,SPEA2,7,312500.000,699080.100
Large,cap122,P3,SPEA2,7,250000.000,737869.525
Large,cap122,P3,SPEA2,7,300000.000,705925.238
Large,cap122,P3,SPEA2,7,325000.000,689377.512
Large,cap122,P3,SPEA2,7,287500.000,709702.475
Large,cap122,P3,SPEA2,7,50000.000,1158735.325
Large,cap122,P3,NSGA-II,8,362500.000,688984.875
Large,cap122,P3,NSGA-II,8,350000.000,690411.225
Large,cap122,P3,NSGA-II,8,337500.000,693020.975
Large,cap122,P3,NSGA-II,8,325000.000,696031.463
Large,cap122,P3,NSGA-II,8,312500.000,699491.637
Large,cap122,P3,NSGA-II,8,300000.000,706219.200
Large,cap122,P3,NSGA-II,8,287500.000,718641.775
Large,cap122,P3,NSGA-II,8,275000.000,722990.188
Large,cap122,P3,NSGA-II,8,262500.000,723942.613
Large,cap122,P3,NSGA-II,8,250000.000,728274.200
Large,cap122,P3,NSGA-II,8,225000.000,734682.238
Large,cap122,P3,NSGA-II,8,212500.000,753341.300
Large,cap122,P3,NSGA-II,8,200000.000,761102.700
Large,cap122,P3,NSGA-II,8,187500.000,769782.400
Large,cap122,P3,NSGA-II,8,175000.000,780700.050
Large,cap122,P3,NSGA-II,8,162500.000,809920.275
Large,cap122,P3,NSGA-II,8,150000.000,812109.750
Large,cap122,P3,NSGA-II,8,137500.000,853887.812
Large,cap122,P3,NSGA-II,8,125000.000,869628.525
Large,cap122,P3,NSGA-II,8,112500.000,884123.675
Large,cap122,P3,NSGA-II,8,100000.000,918230.550
Large,cap122,P3,NSGA-II,8,87500.000,979976.775
Large,cap122,P3,NSGA-II,8,75000.000,1040733.562
Large,cap122,P3,NSGA-II,8,62500.000,1087931.312
Large,cap122,P3,NSGA-II,8,50000.000,1218358.113
Large,cap122,P3,SPEA2,8,137500.000,856008.738
Large,cap122,P3,SPEA2,8,175000.000,805514.363
Large,cap122,P3,SPEA2,8,262500.000,712388.588
Large,cap122,P3,SPEA2,8,100000.000,951485.463
Large,cap122,P3,SPEA2,8,112500.000,890588.613
Large,cap122,P3,SPEA2,8,62500.000,1097307.425
Large,cap122,P3,SPEA2,8,187500.000,800774.875
Large,cap122,P3,SPEA2,8,337500.000,697079.125
Large,cap122,P3,SPEA2,8,200000.000,790986.887
Large,cap122,P3,SPEA2,8,212500.000,788629.400
Large,cap122,P3,SPEA2,8,50000.000,1221358.625
Large,cap122,P3,SPEA2,8,75000.000,1029265.062
Large,cap122,P3,SPEA2,8,87500.000,960662.963
Large,cap122,P3,SPEA2,8,387500.000,689198.225
Large,cap122,P3,SPEA2,8,350000.000,695180.025
Large,cap122,P3,SPEA2,8,125000.000,874926.750
Large,cap122,P3,SPEA2,8,162500.000,818082.425
Large,cap122,P3,SPEA2,8,362500.000,691698.800
Large,cap122,P3,SPEA2,8,250000.000,722085.588
Large,cap122,P3,SPEA2,8,325000.000,705007.838
Large,cap122,P3,SPEA2,8,150000.000,840571.488
Large,cap122,P3,SPEA2,8,375000.000,689799.700
Large,cap122,P3,SPEA2,8,225000.000,758288.325
Large,cap122,P3,SPEA2,8,275000.000,705283.975
Large,cap122,P3,SPEA2,8,237500.000,745101.338
Large,cap122,P3,NSGA-II,9,337500.000,708103.262
Large,cap122,P3,NSGA-II,9,325000.000,713991.550
Large,cap122,P3,NSGA-II,9,312500.000,715580.787
Large,cap122,P3,NSGA-II,9,300000.000,722295.850
Large,cap122,P3,NSGA-II,9,287500.000,731982.475
Large,cap122,P3,NSGA-II,9,275000.000,735942.887
Large,cap122,P3,NSGA-II,9,262500.000,736910.137
Large,cap122,P3,NSGA-II,9,250000.000,756157.838
Large,cap122,P3,NSGA-II,9,237500.000,779824.050
Large,cap122,P3,NSGA-II,9,225000.000,781089.550
Large,cap122,P3,NSGA-II,9,212500.000,794461.275
Large,cap122,P3,NSGA-II,9,200000.000,798369.025
Large,cap122,P3,NSGA-II,9,187500.000,821912.488
Large,cap122,P3,NSGA-II,9,175000.000,831984.812
Large,cap122,P3,NSGA-II,9,162500.000,836462.537
Large,cap122,P3,NSGA-II,9,150000.000,849555.037
Large,cap122,P3,NSGA-II,9,137500.000,858738.312
Large,cap122,P3,NSGA-II,9,125000.000,879772.062
Large,cap122,P3,NSGA-II,9,112500.000,908157.137
Large,cap122,P3,NSGA-II,9,100000.000,918292.312
Large,cap122,P3,NSGA-II,9,87500.000,942226.012
Large,cap122,P3,NSGA-II,9,75000.000,1085483.087
Large,cap122,P3,NSGA-II,9,62500.000,1092833.012
Large,cap122,P3,NSGA-II,9,50000.000,1159153.113
Large,cap122,P3,SPEA2,9,50000.000,1170971.538
Large,cap122,P3,SPEA2,9,325000.000,717629.550
Large,cap122,P3,SPEA2,9,175000.000,772587.025
Large,cap122,P3,SPEA2,9,200000.000,757366.812
Large,cap122,P3,SPEA2,9,62500.000,1090391.363
Large,cap122,P3,SPEA2,9,162500.000,798680.137
Large,cap122,P3,SPEA2,9,312500.000,718327.500
Large,cap122,P3,SPEA2,9,225000.000,744168.012
Large,cap122,P3,SPEA2,9,212500.000,750571.275
Large,cap122,P3,SPEA2,9,250000.000,727128.463
Large,cap122,P3,SPEA2,9,87500.000,999448.600
Large,cap122,P3,SPEA2,9,237500.000,732109.963
Large,cap122,P3,SPEA2,9,100000.000,959818.450
Large,cap122,P3,SPEA2,9,75000.000,1059225.875
Large,cap122,P3,SPEA2,9,137500.000,846648.450
Large,cap122,P3,SPEA2,9,262500.000,720603.037
Large,cap122,P3,SPEA2,9,287500.000,719897.150
Large,cap122,P3,SPEA2,9,125000.000,868751.688
Large,cap122,P3,SPEA2,9,300000.000,718659.800
Large,cap122,P3,SPEA2,9,150000.000,825416.637
Large,cap122,P3,SPEA2,9,112500.000,894949.850
Large,cap122,P3,NSGA-II,10,325000.000,706990.787
Large,cap122,P3,NSGA-II,10,312500.000,711262.275
Large,cap122,P3,NSGA-II,10,300000.000,711887.400
Large,cap122,P3,NSGA-II,10,287500.000,726683.350
Large,cap122,P3,NSGA-II,10,275000.000,735336.637
Large,cap122,P3,NSGA-II,10,262500.000,738031.162
Large,cap122,P3,NSGA-II,10,250000.000,741943.537
Large,cap122,P3,NSGA-II,10,237500.000,748519.637
Large,cap122,P3,NSGA-II,10,212500.000,749097.938
Large,cap122,P3,NSGA-II,10,200000.000,762708.062
Large,cap122,P3,NSGA-II,10,187500.000,774442.787
Large,cap122,P3,NSGA-II,10,175000.000,782405.613
Large,cap122,P3,NSGA-II,10,162500.000,792125.950
Large,cap122,P3,NSGA-II,10,150000.000,801864.488
Large,cap122,P3,NSGA-II,10,137500.000,803909.387
Large,cap122,P3,NSGA-II,10,125000.000,813956.537
Large,cap122,P3,NSGA-II,10,112500.000,837022.387
Large,cap122,P3,NSGA-II,10,100000.000,872605.838
Large,cap122,P3,NSGA-II,10,87500.000,890071.188
Large,cap122,P3,NSGA-II,10,75000.000,915401.863
Large,cap122,P3,NSGA-II,10,62500.000,986722.700
Large,cap122,P3,NSGA-II,10,50000.000,1167474.175
Large,cap122,P3,SPEA2,10,125000.000,844397.175
Large,cap122,P3,SPEA2,10,137500.000,814129.400
Large,cap122,P3,SPEA2,10,75000.000,966023.450
Large,cap122,P3,SPEA2,10,50000.000,1199135.337
Large,cap122,P3,SPEA2,10,62500.000,1039024.025
Large,cap122,P3,SPEA2,10,287500.000,718601.325
Large,cap122,P3,SPEA2,10,100000.000,882977.750
Large,cap122,P3,SPEA2,10,237500.000,740931.500
Large,cap122,P3,SPEA2,10,87500.000,911132.912
Large,cap122,P3,SPEA2,10,250000.000,736245.787
Large,cap122,P3,SPEA2,10,275000.000,719306.925
Large,cap122,P3,SPEA2,10,150000.000,806330.887
Large,cap122,P3,SPEA2,10,337500.000,703954.463
Large,cap122,P3,SPEA2,10,162500.000,799107.025
Large,cap122,P3,SPEA2,10,112500.000,871851.350
Large,cap122,P3,SPEA2,10,312500.000,709872.188
Large,cap122,P3,SPEA2,10,325000.000,705636.362
Large,cap122,P3,SPEA2,10,262500.000,733397.438
Large,cap122,P3,SPEA2,10,225000.000,749429.338
Large,cap122,P3,SPEA2,10,187500.000,769799.050
Large,cap122,P3,SPEA2,10,212500.000,754652.562
Large,cap122,P3,SPEA2,10,300000.000,715397.825
Large,cap122,P3,SPEA2,10,175000.000,786654.475
